"","season","team","coach","offense","defense","player_dev_percentile","offense_dev_percentile","defense_dev_percentile","win_percentile","playoff_percentile","close_win_percentile","aggressiveness_percentile","two_minute_percentile","division_win_percentile","score"
"1",2025,"ARI","Jonathan Gannon","Drew Petzing","Nick Rallis",0.258064516129032,0.354838709677419,0.354838709677419,0,0,0.0909090909090909,0.0331632653061225,0.214893128016548,0,1.30670741971563
"2",2024,"ARI","Jonathan Gannon","Drew Petzing","Nick Rallis",0.59375,0.8125,0.34375,0.441176470588235,0,0.382352941176471,0.302611752887996,0.846378111684234,0.407608695652174,4.13012797198911
"3",2023,"ARI","Jonathan Gannon","Drew Petzing","Nick Rallis",0.125,0.34375,0.0625,0.0588235294117647,0,0.176470588235294,0.839647367167024,0.633401686033265,0,2.23959317084735
"4",2022,"ARI","Kliff Kingsbury","","Vance Joseph",0.09375,0.1875,0.21875,0.0588235294117647,0,0.0294117647058824,0.0905257936507936,0.404659579280706,0.0516304347826087,1.13505110183176
"5",2021,"ARI","Kliff Kingsbury","","Vance Joseph",0.774193548387097,0.709677419354839,0.838709677419355,0.787878787878788,0.575757575757576,0.333333333333333,0.686185044359949,0.11415220293725,0.64945652173913,5.46934411116732
"6",2020,"ARI","Kliff Kingsbury","","Vance Joseph",0.5625,0.46875,0.71875,0.558823529411765,0,0.470588235294118,0.503914988814318,0.314002828854314,0.222826086956522,3.82015566933104
"7",2019,"ARI","Kliff Kingsbury","","Vance Joseph",0.344827586206897,0.724137931034483,0.0689655172413793,0.151515151515152,0,0.303030303030303,0.752114164904863,0.881380651434127,0.0516304347826087,3.27760174014981
"8",2018,"ARI","Steve Wilks","Byron Leftwich, Mike McCoy","Al Holcomb",0,0,0.5,0,0,0.121212121212121,0.0304324612920448,0.336684649337911,0.222826086956522,1.2111553187986
"9",2017,"ARI","Bruce Arians","Harold Goodwin","James Bettcher",0.344827586206897,0,0.689655172413793,0.46875,0,0.875,0.0629842539365159,0.1886932804364,0.407608695652174,3.03751898864578
"10",2016,"ARI","Bruce Arians","Harold Goodwin","James Bettcher",NA,NA,NA,0.323529411764706,0,0.352941176470588,0.0269011898603207,0.555774439793154,0.64945652173913,NA
"11",2015,"ARI","Bruce Arians","Harold Goodwin","James Bettcher",NA,NA,NA,0.970588235294118,0.911764705882353,0.970588235294118,0.427634896621281,0.538423401090729,0.64945652173913,NA
"12",2025,"ATL","Raheem Morris","Zac Robinson","Jeff Ulbrich",0.451612903225806,0.32258064516129,0.645161290322581,0.424242424242424,0,0.515151515151515,0.936479591836735,0.777292576419214,0.407608695652174,4.48012964201174
"13",2024,"ATL","Raheem Morris","Zac Robinson","Jimmy Lake",0.46875,0.65625,0.1875,0.441176470588235,0,0.5,0.690858864892014,0.316887194438215,0.64945652173913,3.91087905165759
"14",2023,"ATL","Arthur Smith","Dave Ragone","Ryan Nielsen",0.1875,0.1875,0.46875,0.264705882352941,0,0.264705882352941,0.494639027877055,0.698564593301435,0.407608695652174,2.97397408153655
"15",2022,"ATL","Arthur Smith","Dave Ragone","Dean Pees",0.34375,0.65625,0.03125,0.264705882352941,0,0.264705882352941,0.687003968253968,0.176656864962678,0.222826086956522,2.64714868487905
"16",2021,"ATL","Arthur Smith","Dave Ragone","Dean Pees",0.0967741935483871,0.258064516129032,0.0645161290322581,0.242424242424242,0,0.878787878787879,0.531558935361217,0.971295060080107,0.222826086956522,3.26624704231964
"17",2020,"ATL","Raheem Morris","Dirk Koetter","Jeff Ulbrich",0.59375,0.625,0.65625,0.0588235294117647,0,0.0294117647058824,0.562639821029083,0,0.0516304347826087,2.57750554992934
"18",2020,"ATL","Raheem Morris","Dirk Koetter","Jeff Ulbrich",0.59375,0.625,0.65625,0.0588235294117647,0,0.0294117647058824,0.562639821029083,0,0.0516304347826087,2.57750554992934
"19",2020,"ATL","Dan Quinn","Dirk Koetter","Raheem Morris, Jeff Ulbrich",0.59375,0.625,0.65625,0.0588235294117647,0,0.0294117647058824,0.562639821029083,0,0.0516304347826087,2.57750554992934
"20",2020,"ATL","Dan Quinn","Dirk Koetter","Raheem Morris, Jeff Ulbrich",0.59375,0.625,0.65625,0.0588235294117647,0,0.0294117647058824,0.562639821029083,0,0.0516304347826087,2.57750554992934
"21",2019,"ATL","Dan Quinn","Dirk Koetter","",0.379310344827586,0.551724137931034,0.241379310344828,0.363636363636364,0,0.363636363636364,0.843287526427061,0.652892561983471,0.64945652173913,4.04532313052584
"22",2018,"ATL","Dan Quinn","Steve Sarkisian","Marquand Manuel",0.433333333333333,0.833333333333333,0.0666666666666667,0.393939393939394,0,0.424242424242424,0.536839295248265,0.528200098087298,0.64945652173913,3.86601106658984
"23",2017,"ATL","Dan Quinn","Steve Sarkisian","Marquand Manuel",0.724137931034483,0.793103448275862,0.620689655172414,0.71875,0.78125,0.6875,0.379655086228443,0,0.64945652173913,5.35454264245033
"24",2016,"ATL","Dan Quinn","Kyle Shanahan","Richard Smith",NA,NA,NA,0.823529411764706,0.970588235294118,0.5,0.617175375064666,0.214232947549865,0.875,NA
"25",2015,"ATL","Dan Quinn","Kyle Shanahan","Richard Smith",NA,NA,NA,0.558823529411765,0,0.529411764705882,0.0590015128593041,0.761279127416956,0.0516304347826087,NA
"26",2025,"BAL","John Harbaugh","Todd Monken","Zach Orr",0.580645161290323,0.516129032258065,0.67741935483871,0.424242424242424,0,0.121212121212121,0.494897959183673,0,0.407608695652174,3.22215474867749
"27",2024,"BAL","John Harbaugh","Todd Monken","Zach Orr",0.90625,0.96875,0.375,0.823529411764706,0.794117647058823,0.5,0.251130085384229,0.649472976003588,0.64945652173913,5.91770664195048
"28",2023,"BAL","John Harbaugh","Todd Monken","Mike Macdonald",0.96875,0.8125,0.96875,1,0.911764705882353,0.441176470588235,0.18084345961401,0.730006835269993,0.407608695652174,6.42140016700677
"29",2022,"BAL","John Harbaugh","Greg Roman","Mike Macdonald",0.75,0.625,0.75,0.764705882352941,0.617647058823529,0.617647058823529,0.401041666666667,0.573399683329563,0.407608695652174,5.5070500456484
"30",2021,"BAL","John Harbaugh","Greg Roman","Don Martindale",0.419354838709677,0.419354838709677,0.290322580645161,0.363636363636364,0,0.484848484848485,0.967807351077313,0.424121050289275,0.0516304347826087,3.42107594269856
"31",2020,"BAL","John Harbaugh","Greg Roman","Don Martindale",0.875,0.59375,0.875,0.705882352941177,0.794117647058823,0.205882352941176,0.8165548098434,0.670909948137671,0.64945652173913,6.18655363266138
"32",2019,"BAL","John Harbaugh","Greg Roman","Don Martindale",1,1,0.896551724137931,1,0.787878787878788,0.909090909090909,0.783826638477801,0.719980554205153,0.875,7.97232861379058
"33",2018,"BAL","John Harbaugh","Marty Mornhinweg","Don Martindale",0.8,0.266666666666667,1,0.696969696969697,0.666666666666667,0.363636363636364,0.591030432461292,0.300637567435017,0.407608695652174,5.09321608948788
"34",2017,"BAL","John Harbaugh","Marty Mornhinweg","Dean Pees",0.655172413793103,0.379310344827586,0.96551724137931,0.5,0,0.09375,0.778305423644089,0.432184478056038,0.407608695652174,4.2118485973523
"35",2016,"BAL","John Harbaugh","Marty Mornhinweg, Marc Trestman","Dean Pees",NA,NA,NA,0.470588235294118,0,0.5,0.496120020693223,0.243536074858409,0.64945652173913,NA
"36",2015,"BAL","John Harbaugh","Marc Trestman","Dean Pees",NA,NA,NA,0.147058823529412,0,0.205882352941176,0.366111951588502,0,0.407608695652174,NA
"37",2025,"BUF","Sean McDermott","Joe Brady","Bobby Babich",0.903225806451613,1,0.580645161290323,0.787878787878788,0.787878787878788,0.696969696969697,0.875510204081633,0.876350264307056,0.64945652173913,7.15791523059703
"38",2024,"BUF","Sean McDermott","Joe Brady","Bobby Babich",1,1,0.6875,0.882352941176471,0.911764705882353,0.823529411764706,0.875439477649422,0.751962323390895,0.875,7.80754885986385
"39",2023,"BUF","Sean McDermott","Joe Brady, Ken Dorsey","",0.90625,0.9375,0.5625,0.764705882352941,0.794117647058823,0.441176470588235,0.274958303550155,0.762360446570973,0.64945652173913,6.09302527186026
"40",2022,"BUF","Sean McDermott","Ken Dorsey","Leslie Frazier",0.84375,0.875,0.71875,0.941176470588235,0.794117647058823,0.823529411764706,0.603174603174603,0.689436779009274,0.64945652173913,6.93839143333477
"41",2021,"BUF","Sean McDermott","Brian Daboll","Leslie Frazier",1,0.935483870967742,0.935483870967742,0.787878787878788,0.787878787878788,0,0.126742712294043,0.769470404984424,0.875,6.21793843497153
"42",2020,"BUF","Sean McDermott","Brian Daboll","Leslie Frazier",0.8125,0.875,0.3125,0.941176470588235,0.911764705882353,0.970588235294118,0.659116331096197,0.85007072135785,1,7.33271646421875
"43",2019,"BUF","Sean McDermott","Brian Daboll","Leslie Frazier",0.724137931034483,0.448275862068966,0.827586206896552,0.727272727272727,0.666666666666667,0.393939393939394,0.44053911205074,0.218765192027224,0.407608695652174,4.85479178760893
"44",2018,"BUF","Sean McDermott","Brian Daboll","Leslie Frazier",0.1,0.0333333333333333,0.866666666666667,0.212121212121212,0,0.424242424242424,0.311799252536038,0.24717999019127,0.222826086956522,2.41816896604747
"45",2017,"BUF","Sean McDermott","Rick Dennison","Leslie Frazier",0.241379310344828,0.103448275862069,0.517241379310345,0.5,0.65625,0.875,0.812046988252937,0.571534837589883,0.407608695652174,4.68450948701224
"46",2016,"BUF","Anthony Lynn","Greg Roman","Dennis Thurman",NA,NA,NA,0.323529411764706,0,0.205882352941176,0.283497154681842,0.466387589263728,0.0516304347826087,NA
"47",2016,"BUF","Rex Ryan","Anthony Lynn, Greg Roman","Dennis Thurman",NA,NA,NA,0.323529411764706,0,0.205882352941176,0.283497154681842,0.466387589263728,0.0516304347826087,NA
"48",2015,"BUF","Rex Ryan","Greg Roman","Dennis Thurman",NA,NA,NA,0.558823529411765,0,0.235294117647059,0.0859808371154816,0.144769459593456,0.64945652173913,NA
"49",2025,"CAR","Dave Canales","Brad Idzik","Ejiro Evero",0.290322580645161,0.258064516129032,0.387096774193548,0.424242424242424,0.606060606060606,0.848484848484849,0.904081632653061,0.682831532980924,0.407608695652174,4.80879361104178
"50",2024,"CAR","Dave Canales","Brad Idzik","Ejiro Evero",0,0.28125,0,0.176470588235294,0,0.676470588235294,0.363134103465595,0.880017941242431,0.222826086956522,2.60016930813514
"51",2023,"CAR","Chris Tabor","Thomas Brown","Ejiro Evero",0,0.09375,0.28125,0,0,0,0.711698832499404,0.254272043745728,0.0516304347826087,1.39260131102774
"52",2023,"CAR","Chris Tabor","Thomas Brown","Ejiro Evero",0,0.09375,0.28125,0,0,0,0.711698832499404,0.254272043745728,0.0516304347826087,1.39260131102774
"53",2023,"CAR","Frank Reich","Thomas Brown","Ejiro Evero",0,0.09375,0.28125,0,0,0,0.711698832499404,0.254272043745728,0.0516304347826087,1.39260131102774
"54",2023,"CAR","Frank Reich","Thomas Brown","Ejiro Evero",0,0.09375,0.28125,0,0,0,0.711698832499404,0.254272043745728,0.0516304347826087,1.39260131102774
"55",2022,"CAR","Steve Wilks","Ben McAdoo","Al Holcomb, Phil Snow",0.5,0.40625,0.4375,0.264705882352941,0,0.205882352941176,0.937003968253968,0.313956118525221,0.64945652173913,3.71475484381244
"56",2022,"CAR","Steve Wilks","Ben McAdoo","Al Holcomb, Phil Snow",0.5,0.40625,0.4375,0.264705882352941,0,0.205882352941176,0.937003968253968,0.313956118525221,0.64945652173913,3.71475484381244
"57",2022,"CAR","Matt Rhule","Ben McAdoo","Al Holcomb, Phil Snow",0.5,0.40625,0.4375,0.264705882352941,0,0.205882352941176,0.937003968253968,0.313956118525221,0.64945652173913,3.71475484381244
"58",2022,"CAR","Matt Rhule","Ben McAdoo","Al Holcomb, Phil Snow",0.5,0.40625,0.4375,0.264705882352941,0,0.205882352941176,0.937003968253968,0.313956118525221,0.64945652173913,3.71475484381244
"59",2021,"CAR","Matt Rhule","Joe Brady, Jeff Nixon","Phil Snow",0.387096774193548,0.0967741935483871,0.774193548387097,0.181818181818182,0,0.0909090909090909,0,0.366043613707165,0.222826086956522,2.11966148951999
"60",2020,"CAR","Matt Rhule","Joe Brady","Phil Snow",0.53125,0.6875,0.5,0.235294117647059,0,0.147058823529412,0.130592841163311,0.161951909476662,0.0516304347826087,2.44527812659905
"61",2019,"CAR","Perry Fewell","Norv Turner, Scott Turner","Eric Washington",0.0689655172413793,0.0344827586206897,0.172413793103448,0.151515151515152,0,0.0909090909090909,0.0853594080338266,0.685221195916383,0.0516304347826087,1.34049735012258
"62",2019,"CAR","Perry Fewell","Norv Turner, Scott Turner","Eric Washington",0.0689655172413793,0.0344827586206897,0.172413793103448,0.151515151515152,0,0.0909090909090909,0.0853594080338266,0.685221195916383,0.0516304347826087,1.34049735012258
"63",2019,"CAR","Ron Rivera","Norv Turner, Scott Turner","Eric Washington",0.0689655172413793,0.0344827586206897,0.172413793103448,0.151515151515152,0,0.0909090909090909,0.0853594080338266,0.685221195916383,0.0516304347826087,1.34049735012258
"64",2019,"CAR","Ron Rivera","Norv Turner, Scott Turner","Eric Washington",0.0689655172413793,0.0344827586206897,0.172413793103448,0.151515151515152,0,0.0909090909090909,0.0853594080338266,0.685221195916383,0.0516304347826087,1.34049735012258
"65",2018,"CAR","Ron Rivera","Norv Turner","Eric Washington",0.333333333333333,0.633333333333333,0.133333333333333,0.393939393939394,0,0.0909090909090909,0.564869193806727,0.14835703776361,0.222826086956522,2.52090080337534
"66",2017,"CAR","Ron Rivera","Mike Shula","Steve Wilks",0.758620689655172,0.655172413793103,0.862068965517241,0.8125,0.65625,1,0.530617345663584,0.785767418794942,0.407608695652174,6.46860552907622
"67",2016,"CAR","Ron Rivera","Mike Shula","Sean McDermott",NA,NA,NA,0.264705882352941,0,0.205882352941176,0.370408691153647,0.0263481901009604,0.0516304347826087,NA
"68",2015,"CAR","Ron Rivera","Mike Shula","Sean McDermott",NA,NA,NA,1,0.970588235294118,1,0.643469490670701,0.788051561725335,0.875,NA
"69",2025,"CHI","Ben Johnson","Declan Doyle","Dennis Allen",0.645161290322581,0.709677419354839,0.483870967741935,0.696969696969697,0.787878787878788,0.727272727272727,0.618112244897959,0.902551137669501,0.222826086956522,5.79432035906455
"70",2024,"CHI","Thomas Brown","Chris Beatty, Shane Waldron","Eric Washington",0.375,0.21875,0.59375,0.176470588235294,0,0.205882352941176,0.815670517327976,0.588921282798834,0.0516304347826087,3.02607517608589
"71",2024,"CHI","Thomas Brown","Chris Beatty, Shane Waldron","Eric Washington",0.375,0.21875,0.59375,0.176470588235294,0,0.205882352941176,0.815670517327976,0.588921282798834,0.0516304347826087,3.02607517608589
"72",2024,"CHI","Matt Eberflus","Chris Beatty, Thomas Brown, Shane Waldron","Eric Washington",0.375,0.21875,0.59375,0.176470588235294,0,0.205882352941176,0.815670517327976,0.588921282798834,0.0516304347826087,3.02607517608589
"73",2024,"CHI","Matt Eberflus","Chris Beatty, Thomas Brown, Shane Waldron","Eric Washington",0.375,0.21875,0.59375,0.176470588235294,0,0.205882352941176,0.815670517327976,0.588921282798834,0.0516304347826087,3.02607517608589
"74",2023,"CHI","Matt Eberflus","Luke Getsy","Alan Williams",0.625,0.375,0.8125,0.264705882352941,0,0,0.611150822015726,0.460697197539303,0.222826086956522,3.37187998886449
"75",2022,"CHI","Matt Eberflus","Luke Getsy","Alan Williams",0.21875,0.46875,0.09375,0,0,0,0.160714285714286,0.0805247681520018,0,1.02248905386629
"76",2021,"CHI","Matt Nagy","Bill Lazor","Sean Desai",0.225806451612903,0.0645161290322581,0.483870967741935,0.212121212121212,0,0.484848484848485,0.591634980988593,0.644637294170004,0.222826086956522,2.93026160747191
"77",2020,"CHI","Matt Nagy","Bill Lazor","Chuck Pagano",0.34375,0.1875,0.8125,0.558823529411765,0.617647058823529,0.676470588235294,0.342841163310962,0.442008486562942,0.222826086956522,4.20436691330101
"78",2019,"CHI","Matt Nagy","Mark Helfrich","Chuck Pagano",0.448275862068966,0.172413793103448,0.793103448275862,0.545454545454545,0,0.636363636363636,0.568710359408034,0.436558094312105,0.64945652173913,4.25033626072573
"79",2018,"CHI","Matt Nagy","Mark Helfrich","Vic Fangio",0.933333333333333,0.7,0.966666666666667,0.878787878787879,0.666666666666667,0.757575757575758,0,0.272927905836194,0.875,6.0509582088665
"80",2017,"CHI","John Fox","Dowell Loggains","Vic Fangio",0.517241379310345,0.172413793103448,0.896551724137931,0.15625,0,0.0625,0.349162709322669,0.0607488222167121,0,2.21486842809111
"81",2016,"CHI","John Fox","Dowell Loggains","Vic Fangio",NA,NA,NA,0.0588235294117647,0,0,0,0.283181482393499,0.222826086956522,NA
"82",2015,"CHI","John Fox","Adam Gase","Vic Fangio",NA,NA,NA,0.235294117647059,0,0.294117647058824,0.398386283408976,0.634853743182945,0.0516304347826087,NA
"83",2025,"CIN","Zac Taylor","Dan Pitcher","Al Golden",0.161290322580645,0.451612903225806,0.032258064516129,0.272727272727273,0,0.333333333333333,0.374744897959184,0.842105263157895,0.407608695652174,2.87568075315244
"84",2024,"CIN","Zac Taylor","Dan Pitcher","Lou Anarumo",0.6875,0.875,0.15625,0.558823529411765,0,0.352941176470588,0.276996484178805,0.722135007849294,0.407608695652174,4.03725489356263
"85",2023,"CIN","Zac Taylor","Brian Callahan","Lou Anarumo",0.5,0.71875,0.125,0.470588235294118,0,0.676470588235294,0.403383369073147,0.386420596946913,0.0516304347826087,3.33224322433208
"86",2022,"CIN","Zac Taylor","Brian Callahan","Lou Anarumo",0.875,0.90625,0.84375,0.852941176470588,0.911764705882353,0.764705882352941,0.189732142857143,0.342230264646008,0.407608695652174,6.09398286786121
"87",2021,"CIN","Zac Taylor","Brian Callahan","Lou Anarumo",0.67741935483871,0.612903225806452,0.709677419354839,0.636363636363636,0.96969696969697,0.393939393939394,0.650190114068441,0.903871829105474,0.64945652173913,6.20351846491305
"88",2020,"CIN","Zac Taylor","Brian Callahan","Lou Anarumo",0.125,0.09375,0.34375,0.0588235294117647,0,0.176470588235294,0.934563758389262,0.220650636492221,0.0516304347826087,2.00463894731115
"89",2019,"CIN","Zac Taylor","Brian Callahan","Lou Anarumo",0.0344827586206897,0.137931034482759,0.0344827586206897,0,0,0,0.80946088794926,0.780505590666018,0.0516304347826087,1.84849346512203
"90",2018,"CIN","Marvin Lewis","Bill Lazor","Teryl Austin",0.2,0.3,0.1,0.212121212121212,0,0.0606060606060606,0.407367859049653,0.780529671407553,0.0516304347826087,2.11225523796709
"91",2017,"CIN","Marvin Lewis","Bill Lazor, Ken Zampese","Paul Guenther",0.103448275862069,0.137931034482759,0.379310344827586,0.375,0,0.53125,0.468382904273932,0.464666501363749,0.407608695652174,2.86759775646227
"92",2016,"CIN","Marvin Lewis","Ken Zampese","Paul Guenther",NA,NA,NA,0.264705882352941,0,0,0.710553543714434,0.342033981777887,0.407608695652174,NA
"93",2015,"CIN","Marvin Lewis","Hue Jackson","Paul Guenther",NA,NA,NA,0.882352941176471,0.676470588235294,0.705882352941177,0.7178517397882,0.259791769955379,0.875,NA
"94",2025,"CLE","Kevin Stefanski","Tommy Rees","Jim Schwartz",0.129032258064516,0,0.870967741935484,0.212121212121212,0,0.303030303030303,0.308418367346939,0.425189611583544,0.222826086956522,2.47158558103852
"95",2024,"CLE","Kevin Stefanski","Ken Dorsey","Jim Schwartz",0.0625,0,0.65625,0,0,0.441176470588235,0.151933701657459,0.0302758466023772,0.222826086956522,1.56496210580459
"96",2023,"CLE","Kevin Stefanski","Alex Van Pelt","Jim Schwartz",0.65625,0.15625,1,0.764705882352941,0.617647058823529,0.970588235294118,0.960924469859423,0.855547960811119,0.407608695652174,6.3895223027933
"97",2022,"CLE","Kevin Stefanski","Alex Van Pelt","Joe Woods",0.625,0.6875,0.25,0.264705882352941,0,0.0294117647058824,0.467509920634921,0.0214883510517982,0.407608695652174,2.75322461439772
"98",2021,"CLE","Kevin Stefanski","Alex Van Pelt","Joe Woods",0.483870967741935,0.387096774193548,0.548387096774194,0.363636363636364,0,0.454545454545455,0.0344740177439797,0,0.407608695652174,2.67961937028765
"99",2020,"CLE","Kevin Stefanski","Alex Van Pelt","Joe Woods",0.5,0.8125,0.1875,0.705882352941177,0.794117647058823,0.882352941176471,0.473154362416107,0.784771334276285,0.407608695652174,5.54788733352104
"100",2019,"CLE","Freddie Kitchens","Todd Monken","Steve Wilks",0.482758620689655,0.517241379310345,0.448275862068966,0.303030303030303,0,0.212121212121212,0.507399577167019,0.350267379679144,0.407608695652174,3.22870302971882
"101",2018,"CLE","Gregg Williams","Todd Haley, Freddie Kitchens","",0.533333333333333,0.4,0.7,0.393939393939394,0,0.636363636363636,0.0640683395621997,0,0.407608695652174,3.13531339885074
"102",2018,"CLE","Gregg Williams","Todd Haley, Freddie Kitchens","",0.533333333333333,0.4,0.7,0.393939393939394,0,0.636363636363636,0.0640683395621997,0,0.407608695652174,3.13531339885074
"103",2018,"CLE","Hue Jackson","Todd Haley, Freddie Kitchens","Gregg Williams",0.533333333333333,0.4,0.7,0.393939393939394,0,0.636363636363636,0.0640683395621997,0,0.407608695652174,3.13531339885074
"104",2018,"CLE","Hue Jackson","Todd Haley, Freddie Kitchens","Gregg Williams",0.533333333333333,0.4,0.7,0.393939393939394,0,0.636363636363636,0.0640683395621997,0,0.407608695652174,3.13531339885074
"105",2017,"CLE","Hue Jackson","","Gregg Williams",0,0.0344827586206897,0.310344827586207,0,0,0,0.223944013996501,0.248202330771138,0,0.816973930974536
"106",2016,"CLE","Hue Jackson","","Ray Horton",NA,NA,NA,0,0,0.0882352941176471,0.645628556647698,0.676434375769515,0,NA
"107",2015,"CLE","Mike Pettine","John DeFilippo","Jim O'Neil",NA,NA,NA,0,0,0,0.58320726172466,0.0803173029251363,0.0516304347826087,NA
"108",2025,"DAL","Brian Schottenheimer","Klayton Adams","Matt Eberflus",0.483870967741935,0.870967741935484,0,0.363636363636364,0,0.606060606060606,0.847704081632653,0.971500804412779,0.64945652173913,4.79319708715895
"109",2024,"DAL","Mike McCarthy","Brian Schottenheimer","Mike Zimmer",0.1875,0.125,0.21875,0.411764705882353,0,0.5,0.782270215971873,0.506615833146445,0.407608695652174,3.13950945065285
"110",2023,"DAL","Mike McCarthy","Brian Schottenheimer","Dan Quinn",0.9375,0.96875,0.71875,0.911764705882353,0.617647058823529,0.764705882352941,0.524898737193233,0.671451355661882,0.875,6.99046773991394
"111",2022,"DAL","Mike McCarthy","Kellen Moore","Dan Quinn",0.90625,0.71875,0.90625,0.823529411764706,0.794117647058823,0.911764705882353,0.812003968253968,0.54060167382945,0.64945652173913,7.06272392852843
"112",2021,"DAL","Mike McCarthy","Kellen Moore","Dan Quinn",0.967741935483871,0.741935483870968,0.967741935483871,0.848484848484849,0.575757575757576,0.727272727272727,0.436501901140684,0.734312416555407,1,6.99974882404995
"113",2020,"DAL","Mike McCarthy","Kellen Moore","Mike Nolan",0.1875,0.21875,0.28125,0.352941176470588,0,0.5,0.755872483221476,0.631541725601132,0.222826086956522,3.15068147224972
"114",2019,"DAL","Jason Garrett","Kellen Moore","Rod Marinelli",0.827586206896552,0.931034482758621,0.482758620689655,0.545454545454545,0,0.0303030303030303,0.0293340380549683,0.101118133203695,0.875,3.82258905736107
"115",2018,"DAL","Jason Garrett","Scott Linehan","Rod Marinelli",0.5,0.366666666666667,0.666666666666667,0.696969696969697,0.787878787878788,0.909090909090909,0.809396689802456,0.967140755272192,0.875,6.57881017234738
"116",2017,"DAL","Jason Garrett","Scott Linehan","Rod Marinelli",0.551724137931034,0.620689655172414,0.448275862068966,0.5,0,0.53125,0.909772556860785,0.635011157946938,0.875,5.07172336998014
"117",2016,"DAL","Jason Garrett","Scott Linehan","Rod Marinelli",NA,NA,NA,0.970588235294118,0.794117647058823,0.911764705882353,0.872736678737713,0.736764343757695,0.407608695652174,NA
"118",2015,"DAL","Jason Garrett","Scott Linehan","Rod Marinelli",NA,NA,NA,0.0882352941176471,0,0.0294117647058824,0.97125567322239,0.819286068418443,0.407608695652174,NA
"119",2025,"DEN","Sean Payton","Joe Lombardi","Vance Joseph",0.612903225806452,0.387096774193548,0.709677419354839,0.939393939393939,0.909090909090909,1,0.275255102040816,0.941622615490692,0.875,6.65003998537119
"120",2024,"DEN","Sean Payton","Joe Lombardi","Vance Joseph",0.84375,0.71875,0.9375,0.588235294117647,0.617647058823529,0.0294117647058824,0.560773480662983,0.384391119084997,0.407608695652174,5.08806741304721
"121",2023,"DEN","Sean Payton","Joe Lombardi","Vance Joseph",0.25,0.40625,0.15625,0.382352941176471,0,0.676470588235294,0.870145341910889,0.508999772157667,0.407608695652174,3.65807733913249
"122",2022,"DEN","Jerry Rosburg","Justin Outten","Ejiro Evero",0.125,0.125,0.78125,0.147058823529412,0,0.0882352941176471,0.565972222222222,0.229586066500792,0.0516304347826087,2.11373284115268
"123",2022,"DEN","Jerry Rosburg","Justin Outten","Ejiro Evero",0.125,0.125,0.78125,0.147058823529412,0,0.0882352941176471,0.565972222222222,0.229586066500792,0.0516304347826087,2.11373284115268
"124",2022,"DEN","Nathaniel Hackett","Justin Outten","Ejiro Evero",0.125,0.125,0.78125,0.147058823529412,0,0.0882352941176471,0.565972222222222,0.229586066500792,0.0516304347826087,2.11373284115268
"125",2022,"DEN","Nathaniel Hackett","Justin Outten","Ejiro Evero",0.125,0.125,0.78125,0.147058823529412,0,0.0882352941176471,0.565972222222222,0.229586066500792,0.0516304347826087,2.11373284115268
"126",2021,"DEN","Vic Fangio","Pat Shurmur","Ed Donatell",0.548387096774194,0.645161290322581,0.387096774193548,0.242424242424242,0,0.0606060606060606,0.405069708491762,0.0576323987538941,0.0516304347826087,2.39800800634889
"127",2020,"DEN","Vic Fangio","Pat Shurmur","Ed Donatell",0.15625,0.0625,0.59375,0.235294117647059,0,0.352941176470588,0.41079418344519,0.252475247524752,0.0516304347826087,2.1156351598702
"128",2019,"DEN","Vic Fangio","Rich Scangarello","Ed Donatell",0.241379310344828,0.275862068965517,0.586206896551724,0.363636363636364,0,0.393939393939394,0.872357293868922,0.41079241614001,0.407608695652174,3.55178243909893
"129",2018,"DEN","Vance Joseph","Bill Musgrave","Joe Woods",0.733333333333333,0.533333333333333,0.9,0.212121212121212,0,0.333333333333333,0.468766684463428,0.434281510544385,0.222826086956522,3.83799549408555
"130",2017,"DEN","Vance Joseph","Mike McCoy, Bill Musgrave","Joe Woods",0.448275862068966,0.206896551724138,0.793103448275862,0.15625,0,0.375,0.253936515871032,0.316141829903298,0.222826086956522,2.77243029479982
"131",2016,"DEN","Gary Kubiak","Rick Dennison","Wade Phillips",NA,NA,NA,0.588235294117647,0,0.411764705882353,0.429384376616658,0.435114503816794,0.222826086956522,NA
"132",2015,"DEN","Gary Kubiak","Rick Dennison","Wade Phillips",NA,NA,NA,0.882352941176471,1,0.941176470588235,0.676500252143217,0.37456618740704,0.64945652173913,NA
"133",2025,"DET","Dan Campbell","John Morton","Kelvin Sheppard",0.741935483870968,0.741935483870968,0.612903225806452,0.575757575757576,0,0.333333333333333,0.818112244897959,0.748793380831993,0.222826086956522,4.79559681532577
"134",2024,"DET","Dan Campbell","Ben Johnson","Aaron Glenn",0.9375,0.9375,0.90625,0.970588235294118,0.794117647058823,0.911764705882353,0.907081868407835,0.788741870374523,1,8.15354432701765
"135",2023,"DET","Dan Campbell","Ben Johnson","Aaron Glenn",0.78125,0.84375,0.375,0.911764705882353,0.911764705882353,0.852941176470588,0.749344770073862,0.963773069036227,0.64945652173913,7.03904494908451
"136",2022,"DET","Dan Campbell","Ben Johnson","Aaron Glenn",0.8125,0.96875,0.125,0.588235294117647,0,0.470588235294118,0.749255952380952,0.661162632888487,0.875,5.2504921146812
"137",2021,"DET","Dan Campbell","Anthony Lynn","Aaron Glenn",0.0645161290322581,0.193548387096774,0.032258064516129,0,0,0.0909090909090909,0.842839036755387,0.557854917668002,0.222826086956522,2.00475171293416
"138",2020,"DET","Darrell Bevell","","Cory Undlin",0.0625,0.3125,0,0.235294117647059,0,0.5,0.534116331096197,0.966760961810467,0.0516304347826087,2.66280184533633
"139",2020,"DET","Darrell Bevell","","Cory Undlin",0.0625,0.3125,0,0.235294117647059,0,0.5,0.534116331096197,0.966760961810467,0.0516304347826087,2.66280184533633
"140",2020,"DET","Matt Patricia","Darrell Bevell","Cory Undlin",0.0625,0.3125,0,0.235294117647059,0,0.5,0.534116331096197,0.966760961810467,0.0516304347826087,2.66280184533633
"141",2020,"DET","Matt Patricia","Darrell Bevell","Cory Undlin",0.0625,0.3125,0,0.235294117647059,0,0.5,0.534116331096197,0.966760961810467,0.0516304347826087,2.66280184533633
"142",2019,"DET","Matt Patricia","Darrell Bevell","Paul Pasqualoni",0.275862068965517,0.482758620689655,0.137931034482759,0.0303030303030303,0,0.151515151515152,0.317653276955603,0.0357316480311133,0,1.43175483094283
"143",2018,"DET","Matt Patricia","Jim Bob Cooter","Paul Pasqualoni",0.233333333333333,0.233333333333333,0.233333333333333,0.212121212121212,0,0.121212121212121,0.374265883609183,0.2145659637077,0.222826086956522,1.84499126760674
"144",2017,"DET","Jim Caldwell","Jim Bob Cooter","Teryl Austin",0.620689655172414,0.482758620689655,0.827586206896552,0.5,0,0.5,0.61634591352162,0.544507810562856,0.875,4.9668882068431
"145",2016,"DET","Jim Caldwell","Jim Bob Cooter","Teryl Austin",NA,NA,NA,0.588235294117647,0.676470588235294,0.705882352941177,0.899120538023797,0.966264466880079,0.407608695652174,NA
"146",2015,"DET","Jim Caldwell","Jim Bob Cooter, Joe Lombardi","Teryl Austin",NA,NA,NA,0.382352941176471,0,0.588235294117647,0.817196167423096,0.309866137828458,0.407608695652174,NA
"147",2025,"GB","Matt LaFleur","Adam Stenavich","Jeff Hafley",0.774193548387097,0.935483870967742,0.258064516129032,0.575757575757576,0.606060606060606,0.454545454545455,0.247959183673469,0.184555274649506,0.64945652173913,4.68607655190961
"148",2024,"GB","Matt LaFleur","Adam Stenavich","Jeff Hafley",0.8125,0.75,0.84375,0.764705882352941,0.617647058823529,0.5,0.223003515821195,0.823054496523884,0.0516304347826087,5.38629138830416
"149",2023,"GB","Matt LaFleur","Adam Stenavich","Joe Barry",0.8125,0.875,0.1875,0.470588235294118,0.794117647058823,0.617647058823529,0.152489873719323,0.0305308726361358,0.64945652173913,4.58983020927106
"150",2022,"GB","Matt LaFleur","Adam Stenavich","Joe Barry",0.59375,0.5,0.5,0.470588235294118,0,0.470588235294118,0,0.205383397421398,0.407608695652174,3.14791856366181
"151",2021,"GB","Matt LaFleur","Nathaniel Hackett","Joe Barry",0.806451612903226,0.870967741935484,0.612903225806452,0.96969696969697,0.787878787878788,0.787878787878788,0.154879594423321,0.709390298175345,0.64945652173913,6.3495035404375
"152",2020,"GB","Matt LaFleur","Nathaniel Hackett","Mike Pettine",0.96875,1,0.53125,0.941176470588235,0.911764705882353,0.794117647058823,0.317114093959732,0.76025459688826,0.875,7.0994275143774
"153",2019,"GB","Matt LaFleur","Nathaniel Hackett","Mike Pettine",0.586206896551724,0.655172413793103,0.517241379310345,0.909090909090909,0.909090909090909,1,0.967494714587738,0.815021876519203,1,7.35931909894393
"154",2018,"GB","Joe Philbin","","Mike Pettine",0.6,0.733333333333333,0.333333333333333,0.212121212121212,0,0.121212121212121,0.718633208756006,0.746934771947033,0.0516304347826087,3.51719841548565
"155",2018,"GB","Joe Philbin","","Mike Pettine",0.6,0.733333333333333,0.333333333333333,0.212121212121212,0,0.121212121212121,0.718633208756006,0.746934771947033,0.0516304347826087,3.51719841548565
"156",2018,"GB","Mike McCarthy","Joe Philbin","Mike Pettine",0.6,0.733333333333333,0.333333333333333,0.212121212121212,0,0.121212121212121,0.718633208756006,0.746934771947033,0.0516304347826087,3.51719841548565
"157",2018,"GB","Mike McCarthy","Joe Philbin","Mike Pettine",0.6,0.733333333333333,0.333333333333333,0.212121212121212,0,0.121212121212121,0.718633208756006,0.746934771947033,0.0516304347826087,3.51719841548565
"158",2017,"GB","Mike McCarthy","Edgar Bennett","Dom Capers",0.275862068965517,0.517241379310345,0.137931034482759,0.375,0,0.875,0.560359910022494,0.757500619885941,0.222826086956522,3.72172109962358
"159",2016,"GB","Mike McCarthy","Edgar Bennett","Dom Capers",NA,NA,NA,0.735294117647059,0.911764705882353,0.764705882352941,0.339627521986549,0.935237626200443,0.875,NA
"160",2015,"GB","Mike McCarthy","Edgar Bennett","Dom Capers",NA,NA,NA,0.705882352941177,0.794117647058823,0.323529411764706,0.330055471507816,0.689390183440754,0.407608695652174,NA
"161",2025,"HOU","DeMeco Ryans","Nick Caley","Matt Burke",0.935483870967742,0.548387096774194,1,0.787878787878788,0.787878787878788,0.666666666666667,0.742091836734694,0.455527464950586,0.875,6.79891451185146
"162",2024,"HOU","DeMeco Ryans","Bobby Slowik","Matt Burke",0.5,0.15625,0.875,0.588235294117647,0.794117647058823,0.705882352941177,0.394525364138624,0.156088809150034,0.875,5.04509946740631
"163",2023,"HOU","DeMeco Ryans","Bobby Slowik","Matt Burke",0.4375,0.5625,0.40625,0.676470588235294,0.794117647058823,0.911764705882353,0.368596616630927,0.89086352244247,0.64945652173913,5.697519601989
"164",2022,"HOU","Lovie Smith","Pep Hamilton","",0,0,0.40625,0,0,0.176470588235294,0.714285714285714,0.292241574304456,0.407608695652174,1.99685657247764
"165",2021,"HOU","David Culley","Tim Kelly","Lovie Smith",0,0,0.258064516129032,0.0909090909090909,0,0,0.716349809885932,0.240320427236315,0.407608695652174,1.71325253981254
"166",2020,"HOU","Romeo Crennel","Tim Kelly","Anthony Weaver",0.25,0.5,0.09375,0.0588235294117647,0,0.0294117647058824,0.595078299776286,0.408533710513909,0.222826086956522,2.15842339136436
"167",2020,"HOU","Romeo Crennel","Tim Kelly","Anthony Weaver",0.25,0.5,0.09375,0.0588235294117647,0,0.0294117647058824,0.595078299776286,0.408533710513909,0.222826086956522,2.15842339136436
"168",2020,"HOU","Bill O'Brien","Tim Kelly","Anthony Weaver",0.25,0.5,0.09375,0.0588235294117647,0,0.0294117647058824,0.595078299776286,0.408533710513909,0.222826086956522,2.15842339136436
"169",2020,"HOU","Bill O'Brien","Tim Kelly","Anthony Weaver",0.25,0.5,0.09375,0.0588235294117647,0,0.0294117647058824,0.595078299776286,0.408533710513909,0.222826086956522,2.15842339136436
"170",2019,"HOU","Bill O'Brien","Tim Kelly","Romeo Crennel",0.517241379310345,0.793103448275862,0.103448275862069,0.727272727272727,0.787878787878788,0.878787878787879,0.935517970401691,0.472532814778804,0.64945652173913,5.8652398043073
"171",2018,"HOU","Bill O'Brien","","Romeo Crennel",0.666666666666667,0.5,0.833333333333333,0.818181818181818,0.666666666666667,0.575757575757576,0.245061398825414,0.0576262873957822,0.64945652173913,5.01275026856639
"172",2017,"HOU","Bill O'Brien","","Mike Vrabel",0.206896551724138,0.448275862068966,0.103448275862069,0.09375,0,0.03125,0.192201949512622,0.155715348375899,0.0516304347826087,1.2831684223263
"173",2016,"HOU","Bill O'Brien","George Godsey","Romeo Crennel",NA,NA,NA,0.588235294117647,0.794117647058823,0.764705882352941,0.210553543714434,0.528195025855701,0.875,NA
"174",2015,"HOU","Bill O'Brien","George Godsey","Romeo Crennel",NA,NA,NA,0.647058823529412,0.676470588235294,0.382352941176471,0.746848209783157,0.410758552305404,0.875,NA
"175",2025,"IND","Shane Steichen","Jim Bob Cooter","Lou Anarumo",0.838709677419355,0.967741935483871,0.419354838709677,0.424242424242424,0,0.272727272727273,0.65484693877551,0.367731555964146,0.222826086956522,4.16818073027878
"176",2024,"IND","Shane Steichen","Jim Bob Cooter","Gus Bradley",0.4375,0.3125,0.53125,0.441176470588235,0,0.764705882352941,0.719989954796585,0.538685803991926,0.407608695652174,4.15341680738186
"177",2023,"IND","Shane Steichen","Jim Bob Cooter","Gus Bradley",0.59375,0.6875,0.34375,0.470588235294118,0,0.882352941176471,0.43269001667858,0.06265664160401,0.407608695652174,3.88089653040535
"178",2022,"IND","Jeff Saturday","Marcus Brady","Gus Bradley",0.03125,0.03125,0.625,0.0588235294117647,0,0.294117647058824,0.217261904761905,0.141823116941868,0.0516304347826087,1.45115663295697
"179",2022,"IND","Jeff Saturday","Marcus Brady","Gus Bradley",0.03125,0.03125,0.625,0.0588235294117647,0,0.294117647058824,0.217261904761905,0.141823116941868,0.0516304347826087,1.45115663295697
"180",2022,"IND","Frank Reich","Marcus Brady","Gus Bradley",0.03125,0.03125,0.625,0.0588235294117647,0,0.294117647058824,0.217261904761905,0.141823116941868,0.0516304347826087,1.45115663295697
"181",2022,"IND","Frank Reich","Marcus Brady","Gus Bradley",0.03125,0.03125,0.625,0.0588235294117647,0,0.294117647058824,0.217261904761905,0.141823116941868,0.0516304347826087,1.45115663295697
"182",2021,"IND","Frank Reich","Marcus Brady","Matt Eberflus",0.580645161290323,0.67741935483871,0.516129032258065,0.454545454545455,0,0.151515151515152,0.501647655259823,0.464396973742768,0.407608695652174,3.75390747910247
"183",2020,"IND","Frank Reich","Nick Sirianni","Matt Eberflus",0.78125,0.75,0.78125,0.705882352941177,0.617647058823529,0.823529411764706,0.378914988814318,0.480669495520981,0.64945652173913,5.96859982960384
"184",2019,"IND","Frank Reich","Nick Sirianni","Matt Eberflus",0.310344827586207,0.379310344827586,0.310344827586207,0.363636363636364,0,0.454545454545455,0.0562896405919662,0.320612542537676,0.407608695652174,2.60269269696364
"185",2018,"IND","Frank Reich","Nick Sirianni","Matt Eberflus",0.766666666666667,0.666666666666667,0.6,0.696969696969697,0.787878787878788,0.424242424242424,0.185531233315537,0.361696910250123,0.64945652173913,5.13910890772903
"186",2017,"IND","Chuck Pagano","Rob Chudzinski","Ted Monachino",0.0344827586206897,0.241379310344828,0.0344827586206897,0.09375,0,0.25,0.497875531117221,0.092734936771634,0.222826086956522,1.46753138243158
"187",2016,"IND","Chuck Pagano","Rob Chudzinski","Ted Monachino",NA,NA,NA,0.470588235294118,0,0.588235294117647,0.530781169167098,0.374292046294016,0.407608695652174,NA
"188",2015,"IND","Chuck Pagano","Rob Chudzinski, Pep Hamilton","Greg Manusky",NA,NA,NA,0.558823529411765,0,0.823529411764706,0.905698436712052,0.665096678235003,0.64945652173913,NA
"189",2025,"JAX","Liam Coen","Grant Udinski","Anthony Campanile",0.870967741935484,0.67741935483871,0.838709677419355,0.909090909090909,0.606060606060606,0.757575757575758,0.55484693877551,0.304068030337853,0.875,6.39373901603418
"190",2024,"JAX","Doug Pederson","Press Taylor","Ryan Nielsen",0.15625,0.59375,0.03125,0.0882352941176471,0,0.0588235294117647,0.752636865896534,0.225386858039919,0.407608695652174,2.31394124311804
"191",2023,"JAX","Doug Pederson","Press Taylor","Mike Caldwell",0.6875,0.5,0.78125,0.470588235294118,0,0.352941176470588,0.245413390517036,0.483937115516063,0.64945652173913,4.17108643953693
"192",2022,"JAX","Doug Pederson","Press Taylor","Mike Caldwell",0.71875,0.78125,0.3125,0.588235294117647,0.794117647058823,0.294117647058824,0.343253968253968,0.797330920606198,0.64945652173913,5.27901199883459
"193",2021,"JAX","Darrell Bevell","","Joe Cullen",0.129032258064516,0.129032258064516,0.193548387096774,0,0,0.181818181818182,0.307984790874525,0.142412105028927,0.0516304347826087,1.13545841573005
"194",2021,"JAX","Darrell Bevell","","Joe Cullen",0.129032258064516,0.129032258064516,0.193548387096774,0,0,0.181818181818182,0.307984790874525,0.142412105028927,0.0516304347826087,1.13545841573005
"195",2021,"JAX","Urban Meyer","Darrell Bevell","Joe Cullen",0.129032258064516,0.129032258064516,0.193548387096774,0,0,0.181818181818182,0.307984790874525,0.142412105028927,0.0516304347826087,1.13545841573005
"196",2021,"JAX","Urban Meyer","Darrell Bevell","Joe Cullen",0.129032258064516,0.129032258064516,0.193548387096774,0,0,0.181818181818182,0.307984790874525,0.142412105028927,0.0516304347826087,1.13545841573005
"197",2020,"JAX","Doug Marrone","Jay Gruden","Todd Wash",0,0.03125,0.15625,0,0,0,0.258389261744966,0.104196133899104,0.0516304347826087,0.601715830426679
"198",2019,"JAX","Doug Marrone","John DeFilippo","Todd Wash",0.206896551724138,0.310344827586207,0.379310344827586,0.303030303030303,0,0.333333333333333,0.717494714587738,0.849052017501215,0.222826086956522,3.32228817954704
"199",2018,"JAX","Doug Marrone","Nathaniel Hackett","Todd Wash",0.0666666666666667,0.0666666666666667,0.566666666666667,0.121212121212121,0,0,0.654297917778964,0.0316331535066209,0.0516304347826087,1.55877362728031
"200",2017,"JAX","Doug Marrone","Nathaniel Hackett","Todd Wash",0.896551724137931,0.551724137931034,1,0.71875,0.90625,0.375,0.311172206948263,0.125216960079345,0.64945652173913,5.5341215508357
"201",2016,"JAX","Doug Marrone","Nathaniel Hackett, Greg Olson","Todd Wash",NA,NA,NA,0.0588235294117647,0,0.147058823529412,0.144852560786342,0.0822457522777641,0.222826086956522,NA
"202",2016,"JAX","Gus Bradley","Nathaniel Hackett, Greg Olson","Todd Wash",NA,NA,NA,0.0588235294117647,0,0.147058823529412,0.144852560786342,0.0822457522777641,0.222826086956522,NA
"203",2015,"JAX","Gus Bradley","Greg Olson","Bob Babich",NA,NA,NA,0.147058823529412,0,0.264705882352941,0.613212304589007,0.723599405057015,0.222826086956522,NA
"204",2025,"KC","Andy Reid","Matt Nagy","Steve Spagnuolo",0.806451612903226,0.774193548387097,0.516129032258065,0.272727272727273,0,0,0.968877551020408,0.127556883475063,0.0516304347826087,3.51756633555374
"205",2024,"KC","Andy Reid","Matt Nagy","Steve Spagnuolo",0.71875,0.78125,0.46875,0.970588235294118,0.970588235294118,1,0.933952787543948,0.940793899977573,0.875,7.65967315810976
"206",2023,"KC","Andy Reid","Matt Nagy","Steve Spagnuolo",0.875,0.65625,0.90625,0.764705882352941,1,0.617647058823529,0.550631403383369,0.790157211209843,0.64945652173913,6.81009807750881
"207",2022,"KC","Andy Reid","Eric Bieniemy","Steve Spagnuolo",0.96875,1,0.28125,0.970588235294118,1,0.882352941176471,0.375,0.510065596019,1,6.98800677248959
"208",2021,"KC","Andy Reid","Eric Bieniemy","Steve Spagnuolo",0.838709677419355,1,0.419354838709677,0.848484848484849,0.909090909090909,0.727272727272727,0.942712294043093,0.391855807743658,0.875,6.95248110276427
"209",2020,"KC","Andy Reid","Eric Bieniemy","Steve Spagnuolo",0.90625,0.90625,0.5625,1,0.970588235294118,1,0.84675615212528,0.905233380480905,0.64945652173913,7.74703428963943
"210",2019,"KC","Andy Reid","Eric Bieniemy","Steve Spagnuolo",0.931034482758621,0.96551724137931,0.551724137931034,0.848484848484849,1,0.696969696969697,0.688953488372093,0.906417112299465,1,7.58910100819507
"211",2018,"KC","Andy Reid","Eric Bieniemy","Bob Sutton",0.966666666666667,1,0.0333333333333333,0.878787878787879,0.909090909090909,0.636363636363636,0.939935931660438,0.619176066699362,0.875,6.85835442260222
"212",2017,"KC","Andy Reid","Matt Nagy","Bob Sutton",0.586206896551724,0.827586206896552,0.206896551724138,0.71875,0.65625,0.3125,0.410147463134216,0.817753533349864,0.875,5.41109065165649
"213",2016,"KC","Andy Reid","Brad Childress","Bob Sutton",NA,NA,NA,0.911764705882353,0.794117647058823,0.823529411764706,0.677703052250388,0.798571780349668,1,NA
"214",2015,"KC","Andy Reid","Doug Pederson","Bob Sutton",NA,NA,NA,0.823529411764706,0.794117647058823,0.705882352941177,0.783913262733232,0.200545364402578,0.875,NA
"215",2025,"LAC","Jim Harbaugh","Greg Roman","Jesse Minter",0.548387096774194,0.225806451612903,0.774193548387097,0.696969696969697,0.606060606060606,0.939393939393939,0.522448979591837,0.81015858423351,0.875,5.99841890302378
"216",2024,"LAC","Jim Harbaugh","Greg Roman","Jesse Minter",0.75,0.625,0.8125,0.764705882352941,0.617647058823529,0.5,0.431441486690105,0.623682440008971,0.64945652173913,5.77443338961468
"217",2023,"LAC","Giff Smith","Kellen Moore","Derrick Ansley",0.28125,0.4375,0.21875,0.147058823529412,0,0.117647058823529,0.807243269001668,0,0.0516304347826087,2.06107958613722
"218",2023,"LAC","Giff Smith","Kellen Moore","Derrick Ansley",0.28125,0.4375,0.21875,0.147058823529412,0,0.117647058823529,0.807243269001668,0,0.0516304347826087,2.06107958613722
"219",2023,"LAC","Brandon Staley","Kellen Moore","Derrick Ansley",0.28125,0.4375,0.21875,0.147058823529412,0,0.117647058823529,0.807243269001668,0,0.0516304347826087,2.06107958613722
"220",2023,"LAC","Brandon Staley","Kellen Moore","Derrick Ansley",0.28125,0.4375,0.21875,0.147058823529412,0,0.117647058823529,0.807243269001668,0,0.0516304347826087,2.06107958613722
"221",2022,"LAC","Brandon Staley","Joe Lombardi","Renaldo Hill",0.65625,0.5625,0.5625,0.764705882352941,0.617647058823529,0.676470588235294,0.0562996031746032,0.925808640579055,0.222826086956522,5.04500786012194
"222",2021,"LAC","Brandon Staley","Joe Lombardi","Renaldo Hill",0.709677419354839,0.903225806451613,0.32258064516129,0.454545454545455,0,0.484848484848485,0.623320659062104,0.67601246105919,0.407608695652174,4.58181962613515
"223",2020,"LAC","Anthony Lynn","Shane Steichen","Gus Bradley",0.375,0.28125,0.625,0.441176470588235,0,0.382352941176471,0,0.343470061291843,0.407608695652174,2.85585816870872
"224",2019,"LAC","Anthony Lynn","Shane Steichen, Ken Whisenhunt","Gus Bradley",0.413793103448276,0.586206896551724,0.275862068965517,0.151515151515152,0,0.0606060606060606,0.635306553911205,0,0,2.12328983499793
"225",2018,"LAC","Anthony Lynn","Ken Whisenhunt","Gus Bradley",0.7,0.866666666666667,0.4,0.878787878787879,0.787878787878788,0.939393939393939,0.155365723438334,0.400686611083865,0.64945652173913,5.7782361289886
"226",2017,"LAC","Anthony Lynn","Ken Whisenhunt","Gus Bradley",0.931034482758621,0.862068965517241,0.655172413793103,0.5,0,0.3125,0.0352411897025744,0.281180262831639,0.407608695652174,3.98480601025535
"227",2016,"LAC","Mike McCoy","Ken Whisenhunt","John Pagano",NA,NA,NA,0.205882352941176,0,0.294117647058824,0.118727366787377,0,0.0516304347826087,NA
"228",2015,"LAC","Mike McCoy","Frank Reich","John Pagano",NA,NA,NA,0.0882352941176471,0,0.0294117647058824,0.845688350983359,0.475706494794249,0,NA
"229",2025,"LAR","Sean McVay","Mike LaFleur","Chris Shula",NA,NA,NA,0.787878787878788,0.909090909090909,0.454545454545455,0.403061224489796,0.491611123879568,0.64945652173913,NA
"230",2024,"LAR","Sean McVay","Mike LaFleur","Chris Shula",NA,NA,NA,0.588235294117647,0.794117647058823,0.764705882352941,0.0856353591160221,0.0847723704866562,0.64945652173913,NA
"231",2023,"LAR","Sean McVay","Mike LaFleur","Raheem Morris",NA,NA,NA,0.676470588235294,0.617647058823529,0.764705882352941,0,0.350421508316245,0.875,NA
"232",2022,"LAR","Sean McVay","Liam Coen","Raheem Morris",NA,NA,NA,0.147058823529412,0,0.441176470588235,0.907242063492063,0.633567066274598,0.0516304347826087,NA
"233",2021,"LAR","Sean McVay","Kevin O'Connell","Raheem Morris",NA,NA,NA,0.848484848484849,1,0.787878787878788,0.3404309252218,0.598353360035603,0.407608695652174,NA
"234",2020,"LAR","Sean McVay","Kevin O'Connell","Brandon Staley",NA,NA,NA,0.647058823529412,0.794117647058823,0.5,0.0934004474272931,0.58038661008958,0.407608695652174,NA
"235",2019,"LAR","Sean McVay","","Wade Phillips",NA,NA,NA,0.636363636363636,0,0.484848484848485,0,0.0678172095284395,0.407608695652174,NA
"236",2018,"LAR","Sean McVay","","Wade Phillips",NA,NA,NA,0.96969696969697,0.96969696969697,0.939393939393939,0.777095568606514,0.880823933300638,1,NA
"237",2017,"LAR","Sean McVay","Matt LaFleur","Wade Phillips",NA,NA,NA,0.8125,0.65625,0.59375,0.878280429892527,0.516736920406645,0.64945652173913,NA
"238",2016,"LAR","John Fassel","Rob Boras","Gregg Williams",NA,NA,NA,0.147058823529412,0,0.441176470588235,0.740817382307294,0.0566362964786998,0.222826086956522,NA
"239",2016,"LAR","Jeff Fisher","Rob Boras","Gregg Williams",NA,NA,NA,0.147058823529412,0,0.441176470588235,0.740817382307294,0.0566362964786998,0.222826086956522,NA
"240",2015,"LAR","Jeff Fisher","Rob Boras, Frank Cignetti","Gregg Williams",NA,NA,NA,0.382352941176471,0,0.588235294117647,0.179273827534039,0.229548834903322,0.64945652173913,NA
"241",2025,"LV","Pete Carroll","Chip Kelly, Greg Olson","Patrick Graham",0.032258064516129,0.032258064516129,0.451612903225806,0,0,0.121212121212121,0.125765306122449,0.160193059066881,0.0516304347826087,0.974929953442124
"242",2024,"LV","Antonio Pierce","Luke Getsy, Scott Turner","Patrick Graham",0.28125,0.09375,0.5625,0.0882352941176471,0,0.441176470588235,0.528377699648418,0.191747028481722,0,2.18703649283602
"243",2023,"LV","Antonio Pierce","Bo Hardegree, Mick Lombardi","Patrick Graham",0.53125,0.25,0.84375,0.382352941176471,0,0.441176470588235,0.68120085775554,0.408749145591251,0.64945652173913,4.18793593685063
"244",2023,"LV","Antonio Pierce","Bo Hardegree, Mick Lombardi","Patrick Graham",0.53125,0.25,0.84375,0.382352941176471,0,0.441176470588235,0.68120085775554,0.408749145591251,0.64945652173913,4.18793593685063
"245",2023,"LV","Josh McDaniels","Bo Hardegree, Mick Lombardi","Patrick Graham",0.53125,0.25,0.84375,0.382352941176471,0,0.441176470588235,0.68120085775554,0.408749145591251,0.64945652173913,4.18793593685063
"246",2023,"LV","Josh McDaniels","Bo Hardegree, Mick Lombardi","Patrick Graham",0.53125,0.25,0.84375,0.382352941176471,0,0.441176470588235,0.68120085775554,0.408749145591251,0.64945652173913,4.18793593685063
"247",2022,"LV","Josh McDaniels","Mick Lombardi","Patrick Graham",0.1875,0.34375,0.0625,0.235294117647059,0,0.0882352941176471,0.62797619047619,0.477041393349921,0.407608695652174,2.42990569124299
"248",2021,"LV","Rich Bisaccia","Greg Olson","Gus Bradley",0.290322580645161,0.451612903225806,0.129032258064516,0.636363636363636,0.575757575757576,0.878787878787879,0.911533586818758,0.867823765020027,0.407608695652174,5.14884288033553
"249",2021,"LV","Rich Bisaccia","Greg Olson","Gus Bradley",0.290322580645161,0.451612903225806,0.129032258064516,0.636363636363636,0.575757575757576,0.878787878787879,0.911533586818758,0.867823765020027,0.407608695652174,5.14884288033553
"250",2021,"LV","Jon Gruden","Greg Olson","Gus Bradley",0.290322580645161,0.451612903225806,0.129032258064516,0.636363636363636,0.575757575757576,0.878787878787879,0.911533586818758,0.867823765020027,0.407608695652174,5.14884288033553
"251",2021,"LV","Jon Gruden","Greg Olson","Gus Bradley",0.290322580645161,0.451612903225806,0.129032258064516,0.636363636363636,0.575757575757576,0.878787878787879,0.911533586818758,0.867823765020027,0.407608695652174,5.14884288033553
"252",2020,"LV","Jon Gruden","Greg Olson","Paul Guenther, Rod Marinelli",0.46875,0.71875,0.21875,0.558823529411765,0,0.705882352941177,0.907158836689038,0.875530410183876,0.64945652173913,5.10310165096499
"253",2019,"LV","Jon Gruden","Greg Olson","Paul Guenther",NA,NA,NA,0.363636363636364,0,0.787878787878788,0.411205073995772,0.624210014584346,0.407608695652174,NA
"254",2018,"LV","Jon Gruden","Greg Olson","Paul Guenther",NA,NA,NA,0.0303030303030303,0,0.424242424242424,0.688467698878804,0.914418832761157,0.0516304347826087,NA
"255",2017,"LV","Jack Del Rio","Todd Downing","Ken Norton, John Pagano",NA,NA,NA,0.28125,0,0.59375,0.44063984003999,0.48772625836846,0.222826086956522,NA
"256",2016,"LV","Jack Del Rio","Bill Musgrave","Ken Norton",NA,NA,NA,0.911764705882353,0.676470588235294,1,0.928349715468184,0.829844865796602,0.407608695652174,NA
"257",2015,"LV","Jack Del Rio","Bill Musgrave","Ken Norton",NA,NA,NA,0.382352941176471,0,0.529411764705882,0.875189107413011,0.907040158651463,0.407608695652174,NA
"258",2025,"MIA","Mike McDaniel","Frank Smith","Anthony Weaver",0.193548387096774,0.580645161290323,0.0645161290322581,0.363636363636364,0,0.606060606060606,0.345918367346939,0.394851758216502,0.407608695652174,2.95678546833194
"259",2024,"MIA","Mike McDaniel","Frank Smith","Anthony Weaver",0.65625,0.5625,0.71875,0.441176470588235,0,0.5,0.659467604218985,0.41399416909621,0.407608695652174,4.3597469395556
"260",2023,"MIA","Mike McDaniel","Frank Smith","Vic Fangio",0.84375,0.90625,0.4375,0.764705882352941,0.617647058823529,0.735294117647059,0.125565880390755,0.541125541125541,0.64945652173913,5.62129500207895
"261",2022,"MIA","Mike McDaniel","Frank Smith","Josh Boyer",0.78125,0.84375,0.34375,0.588235294117647,0.617647058823529,0.617647058823529,0.500744047619048,0.835783759330468,0.407608695652174,5.53641591436639
"262",2021,"MIA","Brian Flores","George Godsey, Eric Studesville","Josh Boyer",0.451612903225806,0.290322580645161,0.741935483870968,0.454545454545455,0,0.696969696969697,0.810899873257288,0.296617712505563,0.64945652173913,4.39236022675907
"263",2020,"MIA","Brian Flores","Chan Gailey","Josh Boyer",0.84375,0.4375,0.9375,0.647058823529412,0,0.411764705882353,0.876398210290828,0.705327675624705,0.407608695652174,5.26690811097947
"264",2019,"MIA","Brian Flores","Chad O'Shea","Patrick Graham",0,0.206896551724138,0,0.151515151515152,0,0.818181818181818,0.53646934460888,0.563928050559067,0.222826086956522,2.49981700354558
"265",2018,"MIA","Adam Gase","Dowell Loggains","Matt Burke",0.133333333333333,0.166666666666667,0.166666666666667,0.393939393939394,0,1,0.280032034169781,0.723148602256008,0.64945652173913,3.51324321877098
"266",2017,"MIA","Adam Gase","Clyde Christensen","Matt Burke",0.0689655172413793,0.0689655172413793,0.413793103448276,0.28125,0,0.75,0.845788552861785,0.220183486238532,0.222826086956522,2.87177226398787
"267",2016,"MIA","Adam Gase","Clyde Christensen","Vance Joseph",NA,NA,NA,0.735294117647059,0.676470588235294,0.941176470588235,0.0558717020175892,0.498645653779857,0.64945652173913,NA
"268",2015,"MIA","Dan Campbell","Bill Lazor, Zac Taylor","Lou Anarumo, Kevin Coyle",NA,NA,NA,0.235294117647059,0,0.382352941176471,0.454614220877458,0.441993058998513,0.0516304347826087,NA
"269",2015,"MIA","Joe Philbin","Bill Lazor, Zac Taylor","Lou Anarumo, Kevin Coyle",NA,NA,NA,0.235294117647059,0,0.382352941176471,0.454614220877458,0.441993058998513,0.0516304347826087,NA
"270",2025,"MIN","Kevin O'Connell","Wes Phillips","Brian Flores",0.419354838709677,0.161290322580645,0.903225806451613,0.575757575757576,0,0.575757575757576,0.710969387755102,0.655711330728568,0.64945652173913,4.65152335947989
"271",2024,"MIN","Kevin O'Connell","Wes Phillips","Brian Flores",0.78125,0.53125,0.96875,0.911764705882353,0.617647058823529,0.970588235294118,0.593671521848317,0.566270464229648,0.64945652173913,6.59064850781709
"272",2023,"MIN","Kevin O'Connell","Wes Phillips","Brian Flores",0.46875,0.3125,0.65625,0.264705882352941,0,0.352941176470588,0.583273766976412,0.315789473684211,0.222826086956522,3.17703638644067
"273",2022,"MIN","Kevin O'Connell","Wes Phillips","Ed Donatell",0.28125,0.375,0.15625,0.882352941176471,0.617647058823529,1,0.28125,0.761366206740556,0.64945652173913,5.00457272847969
"274",2021,"MIN","Mike Zimmer","Klint Kubiak","Andre Patterson, Adam Zimmer",0.516129032258065,0.548387096774194,0.451612903225806,0.363636363636364,0,0.333333333333333,0.468948035487959,0.327102803738318,0.64945652173913,3.65860609019317
"275",2020,"MIN","Mike Zimmer","Gary Kubiak","Andre Patterson, Adam Zimmer",0.4375,0.40625,0.4375,0.441176470588235,0,0.735294117647059,0.0310402684563758,0.186704384724187,0.64945652173913,3.32492176315499
"276",2019,"MIN","Mike Zimmer","Kevin Stefanski","George Edwards",0.896551724137931,0.896551724137931,0.758620689655172,0.727272727272727,0.787878787878788,0.212121212121212,0.475422832980973,0.534030140982013,0.222826086956522,5.51127592612327
"277",2018,"MIN","Mike Zimmer","John DeFilippo","George Edwards",0.3,0.133333333333333,0.933333333333333,0.575757575757576,0,0.757575757575758,0.213027229044314,0.811427170181461,0.407608695652174,4.13206309487795
"278",2017,"MIN","Mike Zimmer","Pat Shurmur","George Edwards",0.862068965517241,0.758620689655172,0.931034482758621,0.90625,0.90625,0.78125,0.160709822544364,0.936523679642946,0.875,7.11770764011834
"279",2016,"MIN","Mike Zimmer","Pat Shurmur, Norv Turner","George Edwards",NA,NA,NA,0.470588235294118,0,0.323529411764706,0.585618210036213,0.622260526963802,0.222826086956522,NA
"280",2015,"MIN","Mike Zimmer","Norv Turner","George Edwards",NA,NA,NA,0.823529411764706,0.676470588235294,0.852941176470588,0.14851235501765,0.113534952900347,0.875,NA
"281",2025,"NE","Mike Vrabel","Josh McDaniels","Terrell Williams",1,0.903225806451613,0.967741935483871,0.939393939393939,0.96969696969697,0.848484848484849,0.680867346938775,0.620547000689497,0.875,7.80495784713951
"282",2024,"NE","Jerod Mayo","Alex Van Pelt","DeMarcus Covington",0.03125,0.1875,0.0625,0.0882352941176471,0,0.323529411764706,0.191863385233551,0.354339538013007,0.222826086956522,1.46204371608543
"283",2023,"NE","Bill Belichick","Bill O'Brien","",0.09375,0.0625,0.625,0.0588235294117647,0,0.205882352941176,0.0309745055992376,0.224196855775803,0.222826086956522,1.5239533306845
"284",2022,"NE","Bill Belichick","","",0.6875,0.21875,1,0.470588235294118,0,0.588235294117647,0.312251984126984,0,0.407608695652174,3.68493420919092
"285",2021,"NE","Bill Belichick","Josh McDaniels","",0.741935483870968,0.806451612903226,0.67741935483871,0.636363636363636,0.575757575757576,0.484848484848485,0.279594423320659,0.207832665776591,0.407608695652174,4.81781193333202
"286",2020,"NE","Bill Belichick","Josh McDaniels","",0.40625,0.5625,0.25,0.441176470588235,0,0.411764705882353,0.789149888143177,0.378123526638378,0.407608695652174,3.64657328690432
"287",2019,"NE","Bill Belichick","Josh McDaniels","",0.862068965517241,0.413793103448276,1,0.848484848484849,0.666666666666667,0.727272727272727,0.24762156448203,0.131016042780749,0.875,5.77192391865254
"288",2018,"NE","Bill Belichick","Josh McDaniels","",0.833333333333333,0.8,0.8,0.818181818181818,1,0.757575757575758,0.120662039508809,0.689063266307013,0.875,6.69381621490673
"289",2017,"NE","Bill Belichick","Josh McDaniels","Matt Patricia",0.793103448275862,1,0,0.90625,0.96875,0.78125,0.713821544613847,0.967517976692289,0.875,7.005692969582
"290",2016,"NE","Bill Belichick","Josh McDaniels","Matt Patricia",NA,NA,NA,1,1,0.941176470588235,0.81246766683911,0.152425510957892,0.875,NA
"291",2015,"NE","Bill Belichick","Josh McDaniels","Matt Patricia",NA,NA,NA,0.882352941176471,0.911764705882353,0.852941176470588,0.936459909228442,0.848289538919187,0.64945652173913,NA
"292",2025,"NO","Kellen Moore","Doug Nussmeier","Brandon Staley",0.225806451612903,0.193548387096774,0.741935483870968,0.272727272727273,0,0.333333333333333,0,0.0287290278096989,0.407608695652174,2.20368865210312
"293",2024,"NO","Darren Rizzi","Klint Kubiak","Joe Woods",0.3125,0.40625,0.25,0.176470588235294,0,0.0882352941176471,0.119035660472125,0.119757793227181,0.222826086956522,1.69507542300877
"294",2024,"NO","Darren Rizzi","Klint Kubiak","Joe Woods",0.3125,0.40625,0.25,0.176470588235294,0,0.0882352941176471,0.119035660472125,0.119757793227181,0.222826086956522,1.69507542300877
"295",2024,"NO","Dennis Allen","Klint Kubiak","Joe Woods",0.3125,0.40625,0.25,0.176470588235294,0,0.0882352941176471,0.119035660472125,0.119757793227181,0.222826086956522,1.69507542300877
"296",2024,"NO","Dennis Allen","Klint Kubiak","Joe Woods",0.3125,0.40625,0.25,0.176470588235294,0,0.0882352941176471,0.119035660472125,0.119757793227181,0.222826086956522,1.69507542300877
"297",2023,"NO","Dennis Allen","Pete Carmichael","Joe Woods",0.75,0.59375,0.6875,0.470588235294118,0,0.205882352941176,0.0659995234691446,0.0950102529049898,0.64945652173913,3.51818688634856
"298",2022,"NO","Dennis Allen","Pete Carmichael","Ryan Nielsen, Kris Richard",0.4375,0.3125,0.59375,0.264705882352941,0,0.529411764705882,0.0270337301587302,0.0515720425243158,0.222826086956522,2.43929950669839
"299",2021,"NO","Sean Payton","Pete Carmichael","Dennis Allen",0.612903225806452,0.225806451612903,1,0.454545454545455,0,0.303030303030303,0.245880861850444,0.626613262127281,0.64945652173913,4.11823608071197
"300",2020,"NO","Sean Payton","Pete Carmichael","Dennis Allen",0.9375,0.78125,0.96875,0.852941176470588,0.794117647058823,0.764705882352941,0.442673378076063,0.935879302215936,1,7.47781738617435
"301",2019,"NO","Sean Payton","Pete Carmichael","Dennis Allen",0.758620689655172,0.758620689655172,0.724137931034483,0.909090909090909,0.666666666666667,0.96969696969697,0.150369978858351,0.938259601361206,0.875,6.75046343601893
"302",2018,"NO","Sean Payton","Pete Carmichael","Dennis Allen",1,0.966666666666667,0.766666666666667,0.96969696969697,0.909090909090909,0.878787878787879,0.912973838761345,0.94310936733693,0.64945652173913,7.9964488187465
"303",2017,"NO","Sean Payton","Pete Carmichael","Dennis Allen",0.96551724137931,0.96551724137931,0.586206896551724,0.8125,0.78125,0.375,0.937515621094726,0.727746094718572,0.64945652173913,6.80070961686277
"304",2016,"NO","Sean Payton","Pete Carmichael","Dennis Allen",NA,NA,NA,0.323529411764706,0,0.382352941176471,0.846611484738748,0.403595173602561,0.222826086956522,NA
"305",2015,"NO","Sean Payton","Pete Carmichael","Dennis Allen, Rob Ryan",NA,NA,NA,0.382352941176471,0,0.382352941176471,0.274079677256682,0.278383738225087,0.407608695652174,NA
"306",2025,"NYG","Mike Kafka","","Shane Bowen, Charlie Bullen",0.32258064516129,0.612903225806452,0.129032258064516,0.151515151515152,0,0.0303030303030303,0.0627551020408163,0.246609974718456,0.222826086956522,1.77852547456623
"307",2025,"NYG","Mike Kafka","","Shane Bowen, Charlie Bullen",0.32258064516129,0.612903225806452,0.129032258064516,0.151515151515152,0,0.0303030303030303,0.0627551020408163,0.246609974718456,0.222826086956522,1.77852547456623
"308",2025,"NYG","Brian Daboll","Mike Kafka","Shane Bowen, Charlie Bullen",0.32258064516129,0.612903225806452,0.129032258064516,0.151515151515152,0,0.0303030303030303,0.0627551020408163,0.246609974718456,0.222826086956522,1.77852547456623
"309",2025,"NYG","Brian Daboll","Mike Kafka","Shane Bowen, Charlie Bullen",0.32258064516129,0.612903225806452,0.129032258064516,0.151515151515152,0,0.0303030303030303,0.0627551020408163,0.246609974718456,0.222826086956522,1.77852547456623
"310",2024,"NYG","Brian Daboll","Mike Kafka","Shane Bowen",0.125,0.0625,0.3125,0,0,0,0.327975891511803,0.476339986544068,0,1.30431587805587
"311",2023,"NYG","Brian Daboll","Mike Kafka","Don Martindale",0.0625,0.03125,0.59375,0.205882352941176,0,0.441176470588235,0.300690969740291,0.283663704716336,0.407608695652174,2.32652219363821
"312",2022,"NYG","Brian Daboll","Mike Kafka","Don Martindale",0.46875,0.8125,0,0.588235294117647,0.794117647058823,0.823529411764706,0.77827380952381,0.44107667948428,0.0516304347826087,4.75811327673187
"313",2021,"NYG","Joe Judge","Jason Garrett, Freddie Kitchens","Patrick Graham",0.193548387096774,0.032258064516129,0.354838709677419,0.0909090909090909,0,0.484848484848485,0.183016476552598,0.0315976858032933,0.0516304347826087,1.4226473341864
"314",2020,"NYG","Joe Judge","Jason Garrett","Patrick Graham",0.3125,0.15625,0.75,0.352941176470588,0,0.5,0.688199105145414,0.287364450730787,0.64945652173913,3.69671125408592
"315",2019,"NYG","Pat Shurmur","Mike Shula","James Bettcher",0.172413793103448,0.241379310344828,0.413793103448276,0.121212121212121,0,0.181818181818182,0.380021141649049,0.15872630043753,0.222826086956522,1.89219003896996
"316",2018,"NYG","Pat Shurmur","Mike Shula","James Bettcher",0.266666666666667,0.566666666666667,0,0.121212121212121,0,0.121212121212121,0.43699946609717,0.177783227072094,0.0516304347826087,1.74217070370945
"317",2017,"NYG","Steve Spagnuolo","Mike Sullivan","",0.137931034482759,0.275862068965517,0.241379310344828,0.03125,0,0.09375,0,0.0307463426729482,0.0516304347826087,0.862549191248661
"318",2017,"NYG","Steve Spagnuolo","Mike Sullivan","",0.137931034482759,0.275862068965517,0.241379310344828,0.03125,0,0.09375,0,0.0307463426729482,0.0516304347826087,0.862549191248661
"319",2017,"NYG","Ben McAdoo","Mike Sullivan","Steve Spagnuolo",0.137931034482759,0.275862068965517,0.241379310344828,0.03125,0,0.09375,0,0.0307463426729482,0.0516304347826087,0.862549191248661
"320",2017,"NYG","Ben McAdoo","Mike Sullivan","Steve Spagnuolo",0.137931034482759,0.275862068965517,0.241379310344828,0.03125,0,0.09375,0,0.0307463426729482,0.0516304347826087,0.862549191248661
"321",2016,"NYG","Ben McAdoo","Mike Sullivan","Steve Spagnuolo",NA,NA,NA,0.823529411764706,0.676470588235294,0.882352941176471,0.963010863942059,0.649347451366659,0.64945652173913,NA
"322",2015,"NYG","Tom Coughlin","Ben McAdoo","Steve Spagnuolo",NA,NA,NA,0.235294117647059,0,0.147058823529412,0.24357034795764,0.597917699553793,0.222826086956522,NA
"323",2025,"NYJ","Aaron Glenn","Tanner Engstrand","Steve Wilks",0,0.0645161290322581,0.0967741935483871,0,0,0.333333333333333,0.2125,0.0632038611813376,0,0.770327517095316
"324",2024,"NYJ","Jeff Ulbrich","Nathaniel Hackett","",0.21875,0.34375,0.09375,0.176470588235294,0,0.205882352941176,0,0.0603274276743664,0.222826086956522,1.32175645580736
"325",2024,"NYJ","Jeff Ulbrich","Nathaniel Hackett","",0.21875,0.34375,0.09375,0.176470588235294,0,0.205882352941176,0,0.0603274276743664,0.222826086956522,1.32175645580736
"326",2024,"NYJ","Robert Saleh","Nathaniel Hackett","Jeff Ulbrich",0.21875,0.34375,0.09375,0.176470588235294,0,0.205882352941176,0,0.0603274276743664,0.222826086956522,1.32175645580736
"327",2024,"NYJ","Robert Saleh","Nathaniel Hackett","Jeff Ulbrich",0.21875,0.34375,0.09375,0.176470588235294,0,0.205882352941176,0,0.0603274276743664,0.222826086956522,1.32175645580736
"328",2023,"NYJ","Robert Saleh","Nathaniel Hackett","Jeff Ulbrich",0.15625,0,0.9375,0.264705882352941,0,0.441176470588235,0.642125327614963,0.188653451811347,0.222826086956522,2.85323721932401
"329",2022,"NYJ","Robert Saleh","Mike LaFleur","Jeff Ulbrich",0.40625,0.09375,0.9375,0.264705882352941,0,0.294117647058824,0.431547619047619,0.102465505541733,0.222826086956522,2.75316274095764
"330",2021,"NYJ","Robert Saleh","Mike LaFleur","Jeff Ulbrich",0.032258064516129,0.354838709677419,0,0.0909090909090909,0,0.393939393939394,0.560709759188847,0.269692923898531,0,1.70234794212941
"331",2020,"NYJ","Adam Gase","Dowell Loggains","Frank Bush, Gregg Williams",0.03125,0,0.375,0.0294117647058824,0,0.205882352941176,0.0584451901565996,0.134134842055634,0,0.834124149859292
"332",2019,"NYJ","Adam Gase","Dowell Loggains","Gregg Williams",0.137931034482759,0,0.344827586206897,0.363636363636364,0,0.818181818181818,0.179175475687104,0.189839572192513,0.222826086956522,2.25641793734398
"333",2018,"NYJ","Todd Bowles","Jeremy Bates","Kacy Rodgers",0.0333333333333333,0.1,0.266666666666667,0.0303030303030303,0,0,0.843833422317138,0.499509563511525,0.0516304347826087,1.8252764509143
"334",2017,"NYJ","Todd Bowles","John Morton","Kacy Rodgers",0.413793103448276,0.413793103448276,0.482758620689655,0.15625,0,0.25,0.745313671582104,0.377634515249194,0.222826086956522,3.06236910137403
"335",2016,"NYJ","Todd Bowles","Chan Gailey","Kacy Rodgers",NA,NA,NA,0.205882352941176,0,0.5,0.0863942058975685,0.316670770746122,0.222826086956522,NA
"336",2015,"NYJ","Todd Bowles","Chan Gailey","Kacy Rodgers",NA,NA,NA,0.705882352941177,0,0.352941176470588,0.116994452849218,0.877540902330193,0.407608695652174,NA
"337",2025,"PHI","Nick Sirianni","Kevin Patullo","Vic Fangio",0.67741935483871,0.290322580645161,0.806451612903226,0.696969696969697,0.606060606060606,0.757575757575758,0.585459183673469,0.0972190301080211,0.407608695652174,4.92508651842682
"338",2024,"PHI","Nick Sirianni","Kellen Moore","Vic Fangio",0.96875,0.84375,1,0.911764705882353,1,0.941176470588235,0.623053741838272,0.686476788517605,0.875,7.84997170682646
"339",2023,"PHI","Nick Sirianni","Brian Johnson","Sean Desai",0.40625,0.78125,0,0.764705882352941,0.617647058823529,0.941176470588235,0.901119847510126,0.600136705399863,0.64945652173913,5.66174248641382
"340",2022,"PHI","Nick Sirianni","Shane Steichen","Jonathan Gannon",1,0.9375,0.875,0.970588235294118,0.970588235294118,0.970588235294118,0.843998015873016,0.889843926713413,0.64945652173913,8.10756317020791
"341",2021,"PHI","Nick Sirianni","Shane Steichen","Jonathan Gannon",0.870967741935484,0.774193548387097,0.806451612903226,0.454545454545455,0.575757575757576,0.181818181818182,0.0960709759188847,0.17890520694259,0.407608695652174,4.34631899386067
"342",2020,"PHI","Doug Pederson","","Jim Schwartz",0.21875,0.125,0.46875,0.0588235294117647,0,0.264705882352941,0.159675615212528,0.50990099009901,0.222826086956522,2.02843210403277
"343",2019,"PHI","Doug Pederson","Mike Groh","Jim Schwartz",0.620689655172414,0.620689655172414,0.655172413793103,0.636363636363636,0.666666666666667,0.484848484848485,0.284090909090909,0.249878463782207,0.875,5.09339988488983
"344",2018,"PHI","Doug Pederson","Mike Groh","Jim Schwartz",0.366666666666667,0.466666666666667,0.433333333333333,0.606060606060606,0.787878787878788,0.424242424242424,0.880138814735718,0.55689063266307,0.64945652173913,5.1713344539864
"345",2017,"PHI","Doug Pederson","Frank Reich","Jim Schwartz",1,0.931034482758621,0.758620689655172,0.90625,1,0.78125,0.678830292426893,0.897842796925366,0.875,7.82882826176605
"346",2016,"PHI","Doug Pederson","Frank Reich","Jim Schwartz",NA,NA,NA,0.323529411764706,0,0,0.177185721676151,0.114011327259296,0.222826086956522,NA
"347",2015,"PHI","Pat Shurmur","","Bill Davis",NA,NA,NA,0.382352941176471,0,0.705882352941177,0.551185073121533,0.173525037183937,0.407608695652174,NA
"348",2015,"PHI","Chip Kelly","Pat Shurmur","Bill Davis",NA,NA,NA,0.382352941176471,0,0.705882352941177,0.551185073121533,0.173525037183937,0.407608695652174,NA
"349",2025,"PIT","Mike Tomlin","Arthur Smith","Teryl Austin",0.387096774193548,0.483870967741935,0.32258064516129,0.666666666666667,0.606060606060606,0.848484848484849,0.434183673469388,0.523098138358998,0.64945652173913,4.92149884187641
"350",2024,"PIT","Mike Tomlin","Arthur Smith","Teryl Austin",0.5625,0.46875,0.75,0.588235294117647,0.617647058823529,0.735294117647059,0.4952285283777,0.255214173581521,0.407608695652174,4.88047786819963
"351",2023,"PIT","Mike Tomlin","Matt Canada, Eddie Faulkner","Teryl Austin",0.21875,0.21875,0.53125,0.676470588235294,0.617647058823529,1,0.211103168930188,0.43403964456596,0.875,4.78301046055497
"352",2022,"PIT","Mike Tomlin","Matt Canada","Teryl Austin",0.5625,0.53125,0.375,0.588235294117647,0,0.676470588235294,0.656498015873016,0.864284098620222,0.407608695652174,4.66184669249835
"353",2021,"PIT","Mike Tomlin","Matt Canada","Keith Butler",0.354838709677419,0.32258064516129,0.580645161290323,0.454545454545455,0.575757575757576,0.96969696969697,0.875792141951838,0.495772140631954,0.64945652173913,5.27908532045195
"354",2020,"PIT","Mike Tomlin","Randy Fichtner","Keith Butler",0.75,0.25,1,0.852941176470588,0.617647058823529,0.882352941176471,0.223154362416107,0.605610561056106,0.64945652173913,5.83116262168193
"355",2019,"PIT","Mike Tomlin","Randy Fichtner","Keith Butler",0.551724137931034,0.103448275862069,0.96551724137931,0.545454545454545,0,0.636363636363636,0.119186046511628,0.595527467185221,0.407608695652174,3.92483004633962
"356",2018,"PIT","Mike Tomlin","Randy Fichtner","Keith Butler",0.9,0.933333333333333,0.466666666666667,0.606060606060606,0,0.575757575757576,0.750934329951949,0.847719470328592,0.64945652173913,5.72992850383785
"357",2017,"PIT","Mike Tomlin","Todd Haley","Keith Butler",0.827586206896552,0.896551724137931,0.344827586206897,0.90625,0.78125,0.96875,0.589352661834541,0.855938507314654,1,7.17050668639058
"358",2016,"PIT","Mike Tomlin","Todd Haley","Keith Butler",NA,NA,NA,0.823529411764706,0.911764705882353,0.852941176470588,0.463528194516296,0.895838463432652,0.875,NA
"359",2015,"PIT","Mike Tomlin","Todd Haley","Keith Butler",NA,NA,NA,0.705882352941177,0.794117647058823,0.382352941176471,0,0.932325235498265,0.407608695652174,NA
"360",2025,"SEA","Mike Macdonald","Klint Kubiak","Aden Durde",0.967741935483871,0.806451612903226,0.935483870967742,0.939393939393939,1,0.757575757575758,0.466581632653061,0.334176051482418,0.64945652173913,6.85686132219915
"361",2024,"SEA","Mike Macdonald","Ryan Grubb","Aden Durde",0.625,0.5,0.78125,0.588235294117647,0,0.882352941176471,0.465092918131592,0.909845256784032,0.64945652173913,5.40123293194887
"362",2023,"SEA","Pete Carroll","Shane Waldron","Clint Hurtt",0.375,0.75,0.03125,0.470588235294118,0,0.764705882352941,0.0972122944960686,0.928001822738665,0.222826086956522,3.63958432183831
"363",2022,"SEA","Pete Carroll","Shane Waldron","Clint Hurtt",0.375,0.59375,0.1875,0.588235294117647,0.617647058823529,0.294117647058824,0.969494047619048,0.603030988464148,0.64945652173913,4.87823155782233
"364",2021,"SEA","Pete Carroll","Shane Waldron","Ken Norton",0.258064516129032,0.580645161290323,0.0967741935483871,0.242424242424242,0,0.272727272727273,0.750316856780735,0.524699599465955,0.407608695652174,3.13326053801812
"365",2020,"SEA","Pete Carroll","Brian Schottenheimer","Ken Norton",0.65625,0.84375,0.40625,0.852941176470588,0.617647058823529,0.852941176470588,0.970078299776286,0.728429985855728,0.64945652173913,6.57774421913585
"366",2019,"SEA","Pete Carroll","Brian Schottenheimer","Ken Norton",0.655172413793103,0.689655172413793,0.620689655172414,0.818181818181818,0.787878787878788,0.909090909090909,0.602536997885835,0.286339329120078,0.407608695652174,5.77715377918891
"367",2018,"SEA","Pete Carroll","Brian Schottenheimer","Ken Norton",0.866666666666667,0.9,0.633333333333333,0.696969696969697,0.666666666666667,0.393939393939394,0.966364121729845,0.652525747915645,0.407608695652174,6.18407432287342
"368",2017,"SEA","Pete Carroll","Darrell Bevell","Kris Richard",0.689655172413793,0.689655172413793,0.724137931034483,0.5,0,0.375,0.0979755061234691,0.665757500619886,0.64945652173913,4.39163780434455
"369",2016,"SEA","Pete Carroll","Darrell Bevell","Kris Richard",NA,NA,NA,0.735294117647059,0.794117647058823,0.735294117647059,0.250387997930678,0.768776163506525,0.407608695652174,NA
"370",2015,"SEA","Pete Carroll","Darrell Bevell","Kris Richard",NA,NA,NA,0.705882352941177,0.794117647058823,0.176470588235294,0.300554715078164,0.340852751611304,0.407608695652174,NA
"371",2025,"SF","Kyle Shanahan","Klay Kubiak","Robert Saleh",0.709677419354839,0.838709677419355,0.290322580645161,0.787878787878788,0.787878787878788,0.96969696969697,0.158928571428571,0.552976327281085,0.64945652173913,5.74552564332269
"372",2024,"SF","Kyle Shanahan","","Nick Sorensen",0.53125,0.6875,0.4375,0.382352941176471,0,0.0882352941176471,0.0595178302360623,0.444270015698587,0.0516304347826087,2.68225651601138
"373",2023,"SF","Kyle Shanahan","","Steve Wilks",1,1,0.5,0.911764705882353,0.970588235294118,0,0.781748868239219,0.571428571428571,0.875,6.61053038084426
"374",2022,"SF","Kyle Shanahan","","DeMeco Ryans",0.9375,0.75,0.96875,0.882352941176471,0.911764705882353,0.941176470588235,0.25,0.374123501470256,1,7.01566761911732
"375",2021,"SF","Kyle Shanahan","Mike McDaniel","DeMeco Ryans",0.903225806451613,0.838709677419355,0.870967741935484,0.636363636363636,0.909090909090909,0.484848484848485,0.373637515842839,0.803293279928794,0.222826086956522,6.04296313883764
"376",2020,"SF","Kyle Shanahan","","Robert Saleh",0.6875,0.375,0.84375,0.352941176470588,0,0.264705882352941,0.19407158836689,0.0363036303630363,0.407608695652174,3.16188097320563
"377",2019,"SF","Kyle Shanahan","","Robert Saleh",0.96551724137931,0.862068965517241,0.931034482758621,0.909090909090909,0.96969696969697,0.757575757575758,0.905919661733615,0.967185221195916,0.875,8.14308920894834
"378",2018,"SF","Kyle Shanahan","","Robert Saleh",0.166666666666667,0.2,0.2,0.0303030303030303,0,0.121212121212121,0.345435130806193,0.0877881314369789,0.0516304347826087,1.2030355152076
"379",2017,"SF","Kyle Shanahan","","Robert Saleh",0.310344827586207,0.586206896551724,0.0689655172413793,0.28125,0,0.09375,0.9680079980005,0.693032482023308,0.0516304347826087,3.05318815618573
"380",2016,"SF","Chip Kelly","Curtis Modkins","Jim O'Neil",NA,NA,NA,0.0294117647058824,0,0.0882352941176471,0.776771857216762,0.597143560699335,0.222826086956522,NA
"381",2015,"SF","Jim Tomsula","Geep Chryst","Eric Mangini",NA,NA,NA,0.147058823529412,0,0.852941176470588,0.486888552697932,0.513138324243927,0.0516304347826087,NA
"382",2025,"TB","Todd Bowles","Josh Grizzard","",0.516129032258065,0.419354838709677,0.548387096774194,0.424242424242424,0,0.515151515151515,0.0936224489795918,0.71569754079522,0.407608695652174,3.64019359256286
"383",2024,"TB","Todd Bowles","Liam Coen","Larry Foote, Kacy Rodgers",0.875,0.90625,0.5,0.588235294117647,0.617647058823529,0.382352941176471,0.851079859367152,0.284592958062346,0.64945652173913,5.65461463328628
"384",2023,"TB","Todd Bowles","Dave Canales","Larry Foote, Kacy Rodgers",0.71875,0.53125,0.75,0.470588235294118,0.794117647058823,0.352941176470588,0.927567309983321,0.824789245841877,0.64945652173913,6.01946013638786
"385",2022,"TB","Todd Bowles","Byron Leftwich","Larry Foote, Kacy Rodgers",0.3125,0.25,0.6875,0.470588235294118,0.617647058823529,0.735294117647059,0.124007936507937,0.963130513458494,0.64945652173913,4.81012438347027
"386",2021,"TB","Bruce Arians","Byron Leftwich","Todd Bowles",0.935483870967742,0.967741935483871,0.645161290322581,0.96969696969697,0.787878787878788,1,0.778960709759189,0.937027147307521,0.64945652173913,7.67140723315579
"387",2020,"TB","Bruce Arians","Byron Leftwich","Todd Bowles",1,0.9375,0.90625,0.705882352941177,1,0.5,0.721196868008949,0.548090523338048,0.64945652173913,6.9683762660273
"388",2019,"TB","Bruce Arians","Byron Leftwich","Todd Bowles",0.689655172413793,0.344827586206897,0.862068965517241,0.363636363636364,0,0.212121212121212,0.660676532769556,0.745017015070491,0.222826086956522,4.10082893469208
"389",2018,"TB","Dirk Koetter","Todd Monken","Mark Duffner, Mike Smith",0.466666666666667,0.6,0.3,0.121212121212121,0,0.303030303030303,0.0955686065136145,0.592447278077489,0.222826086956522,2.70175106245672
"390",2017,"TB","Dirk Koetter","Todd Monken","Mike Smith",0.482758620689655,0.724137931034483,0.172413793103448,0.15625,0,0.21875,0.28542864283929,0.603272997768411,0.0516304347826087,2.6946424202179
"391",2016,"TB","Dirk Koetter","Todd Monken","Mike Smith",NA,NA,NA,0.588235294117647,0,0.676470588235294,0.312209001551992,0.70943117458754,0.64945652173913,NA
"392",2015,"TB","Lovie Smith","Dirk Koetter","Leslie Frazier",NA,NA,NA,0.235294117647059,0,0.588235294117647,0.0325264750378215,0.568666336142786,0.407608695652174,NA
"393",2025,"TEN","Mike McCoy","Nick Holz","Dennard Wilson",0.0645161290322581,0.0967741935483871,0.193548387096774,0,0,0.121212121212121,0.781122448979592,0.587910825097679,0,1.84508410496681
"394",2025,"TEN","Mike McCoy","Nick Holz","Dennard Wilson",0.0645161290322581,0.0967741935483871,0.193548387096774,0,0,0.121212121212121,0.781122448979592,0.587910825097679,0,1.84508410496681
"395",2025,"TEN","Brian Callahan","Nick Holz","Dennard Wilson",0.0645161290322581,0.0967741935483871,0.193548387096774,0,0,0.121212121212121,0.781122448979592,0.587910825097679,0,1.84508410496681
"396",2025,"TEN","Brian Callahan","Nick Holz","Dennard Wilson",0.0645161290322581,0.0967741935483871,0.193548387096774,0,0,0.121212121212121,0.781122448979592,0.587910825097679,0,1.84508410496681
"397",2024,"TEN","Brian Callahan","Nick Holz","Dennard Wilson",0.09375,0.03125,0.40625,0,0,0.0882352941176471,0.0288799598191863,0,0.0516304347826087,0.699995688719442
"398",2023,"TEN","Mike Vrabel","Tim Kelly","Shane Bowen",0.34375,0.625,0.09375,0.205882352941176,0,0.323529411764706,0.465332380271623,0.119845067213488,0.0516304347826087,2.2287196469736
"399",2022,"TEN","Mike Vrabel","Todd Downing","Shane Bowen",0.25,0.28125,0.53125,0.264705882352941,0,0.529411764705882,0.875744047619048,0.261705496494006,0.407608695652174,3.40167588682405
"400",2021,"TEN","Mike Vrabel","Todd Downing","Shane Bowen",0.645161290322581,0.516129032258065,0.903225806451613,0.848484848484849,0.787878787878788,0.848484848484849,0.217490494296578,0.0850022251891411,0.875,5.72685733336646
"401",2020,"TEN","Mike Vrabel","Arthur Smith","",0.71875,0.96875,0.0625,0.705882352941177,0.617647058823529,0.882352941176471,0.289709172259508,0.817067421027817,0.875,5.9376589462285
"402",2019,"TEN","Mike Vrabel","Arthur Smith","Dean Pees",0.793103448275862,0.827586206896552,0.689655172413793,0.636363636363636,0.909090909090909,0.484848484848485,0.213794926004228,0.379192999513855,0.407608695652174,5.34124447905949
"403",2018,"TEN","Mike Vrabel","Matt LaFleur","Dean Pees",0.4,0.333333333333333,0.533333333333333,0.606060606060606,0,0.727272727272727,0.624399359316604,0.470083374203041,0.407608695652174,4.10209142917182
"404",2017,"TEN","Mike Mularkey","Terry Robiskie","Dick LeBeau",0.379310344827586,0.344827586206897,0.551724137931034,0.5,0.78125,0.6875,0.645338665333667,0.343168856930325,0.875,5.10811959122951
"405",2016,"TEN","Mike Mularkey","Terry Robiskie","Dick LeBeau",NA,NA,NA,0.588235294117647,0,0.588235294117647,0.5574236937403,0.858901748337848,0.222826086956522,NA
"406",2015,"TEN","Mike Mularkey","Jason Michael","Ray Horton",NA,NA,NA,0,0,0.0294117647058824,0.213565305093293,0.0416460089241448,0.0516304347826087,NA
"407",2015,"TEN","Ken Whisenhunt","Jason Michael","Ray Horton",NA,NA,NA,0,0,0.0294117647058824,0.213565305093293,0.0416460089241448,0.0516304347826087,NA
"408",2025,"WSH","Dan Quinn","Kliff Kingsbury","Joe Whitt",NA,NA,NA,0.212121212121212,0,0.121212121212121,0.185969387755102,0.276258331418065,0.407608695652174,NA
"409",2024,"WSH","Dan Quinn","Kliff Kingsbury","Joe Whitt",NA,NA,NA,0.823529411764706,0.911764705882353,0.852941176470588,0.966599698643897,0.969499887867235,0.64945652173913,NA
"410",2023,"WSH","Ron Rivera","Eric Bieniemy","Jack Del Rio",NA,NA,NA,0.0588235294117647,0,0.264705882352941,0.339051703597808,0.151742993848257,0,NA
"411",2022,"WSH","Ron Rivera","Scott Turner","Jack Del Rio",NA,NA,NA,0.470588235294118,0,0.764705882352941,0.532490079365079,0.728342004071477,0.222826086956522,NA
"412",2021,"WSH","Ron Rivera","Scott Turner","Jack Del Rio",NA,NA,NA,0.242424242424242,0,0.666666666666667,0.0641318124207858,0.840231419670672,0.222826086956522,NA
"413",2020,"WSH","Ron Rivera","Scott Turner","Jack Del Rio",NA,NA,NA,0.441176470588235,0.617647058823529,0.264705882352941,0.622762863534676,0.0714285714285714,0.64945652173913,NA
"414",2019,"WSH","Bill Callahan","Kevin O'Connell","Greg Manusky",NA,NA,NA,0.0303030303030303,0,0.484848484848485,0.348572938689218,0.505347593582888,0,NA
"415",2019,"WSH","Jay Gruden","Kevin O'Connell","Greg Manusky",NA,NA,NA,0.0303030303030303,0,0.484848484848485,0.348572938689218,0.505347593582888,0,NA
"416",2018,"WSH","Jay Gruden","Matt Cavanaugh","Greg Manusky",NA,NA,NA,0.393939393939394,0,0.848484848484849,0.503737319807795,0.117214320745463,0.222826086956522,NA
"417",2017,"WSH","Jay Gruden","Matt Cavanaugh","Greg Manusky",NA,NA,NA,0.375,0,0.59375,0.129467633091727,0.405405405405405,0.0516304347826087,NA
"418",2016,"WSH","Jay Gruden","Sean McVay","Joe Barry",NA,NA,NA,0.470588235294118,0,0.647058823529412,0.403517847904811,0.183698596404826,0.407608695652174,NA
"419",2015,"WSH","Jay Gruden","Sean McVay","Joe Barry",NA,NA,NA,0.647058823529412,0.676470588235294,0.676470588235294,0.520927887039839,0.973723351512147,0.64945652173913,NA
