"","season","team","coach","offense","defense","reg_wins","reg_losses","reg_ties","home_wins","home_losses","home_ties","away_wins","away_losses","away_ties","neutral_wins","neutral_losses","neutral_ties","one_score_wins","one_score_losses","div_wins","div_losses","div_ties","rest_adv_wins","rest_adv_losses","rest_adv_ties","rest_disadv_wins","rest_disadv_losses","rest_disadv_ties","ot_wins","ot_losses","ot_ties","playoff_wins","playoff_losses","round_reached","made_playoffs","won_sb"
"1",2015,"ARI","Bruce Arians","Harold Goodwin","James Bettcher",13,3,0,6,2,0,7,1,0,0,0,0,5,1,4,2,0,1,0,0,0,0,0,0,0,0,1,1,"CON",TRUE,FALSE
"2",2016,"ARI","Bruce Arians","Harold Goodwin","James Bettcher",7,8,1,4,3,1,3,5,0,0,0,0,3,5,4,1,1,2,0,0,2,3,1,0,0,1,0,0,"REG",FALSE,FALSE
"3",2017,"ARI","Bruce Arians","Harold Goodwin","James Bettcher",8,8,0,5,3,0,3,4,0,0,1,0,6,2,3,3,0,1,1,0,2,0,0,2,0,0,0,0,"REG",FALSE,FALSE
"4",2018,"ARI","Steve Wilks","Byron Leftwich, Mike McCoy","Al Holcomb",3,13,0,1,7,0,2,6,0,0,0,0,2,4,2,4,0,1,1,0,0,0,0,0,0,0,0,0,"REG",FALSE,FALSE
"5",2019,"ARI","Kliff Kingsbury","","Vance Joseph",5,10,1,2,5,1,3,5,0,0,0,0,3,5,1,5,0,0,2,0,1,1,1,0,0,1,0,0,"REG",FALSE,FALSE
"6",2020,"ARI","Kliff Kingsbury","","Vance Joseph",8,8,0,4,4,0,4,4,0,0,0,0,4,5,2,4,0,0,2,0,2,0,0,1,0,0,0,0,"REG",FALSE,FALSE
"7",2021,"ARI","Kliff Kingsbury","","Vance Joseph",11,6,0,3,5,0,8,1,0,0,0,0,3,4,4,2,0,2,0,0,0,0,0,0,0,0,0,1,"WC",TRUE,FALSE
"8",2022,"ARI","Kliff Kingsbury","","Vance Joseph",4,13,0,1,7,0,3,5,0,0,1,0,2,6,1,5,0,0,1,0,0,1,0,1,1,0,0,0,"REG",FALSE,FALSE
"9",2023,"ARI","Jonathan Gannon","Drew Petzing","Nick Rallis",4,13,0,2,6,0,2,7,0,0,0,0,2,5,0,6,0,0,1,0,0,1,0,0,0,0,0,0,"REG",FALSE,FALSE
"10",2024,"ARI","Jonathan Gannon","Drew Petzing","Nick Rallis",8,9,0,6,3,0,2,6,0,0,0,0,3,5,3,3,0,1,1,0,2,0,0,0,1,0,0,0,"REG",FALSE,FALSE
"11",2025,"ARI","Jonathan Gannon","Drew Petzing","Nick Rallis",3,14,0,1,7,0,2,7,0,0,0,0,2,8,0,6,0,1,1,0,0,1,0,0,1,0,0,0,"REG",FALSE,FALSE
"12",2015,"ATL","Dan Quinn","Kyle Shanahan","Richard Smith",8,8,0,4,4,0,4,4,0,0,0,0,6,5,1,5,0,1,0,0,0,0,0,1,1,0,0,0,"REG",FALSE,FALSE
"13",2016,"ATL","Dan Quinn","Kyle Shanahan","Richard Smith",11,5,0,5,3,0,6,2,0,0,0,0,4,4,5,1,0,1,1,0,1,2,0,0,1,0,2,1,"SB",TRUE,FALSE
"14",2017,"ATL","Dan Quinn","Steve Sarkisian","Marquand Manuel",10,6,0,5,3,0,5,3,0,0,0,0,6,4,4,2,0,1,1,0,1,1,0,0,0,0,1,1,"DIV",TRUE,FALSE
"15",2018,"ATL","Dan Quinn","Steve Sarkisian","Marquand Manuel",7,9,0,4,4,0,3,5,0,0,0,0,4,4,4,2,0,2,1,0,2,0,0,0,1,0,0,0,"REG",FALSE,FALSE
"16",2019,"ATL","Dan Quinn","Dirk Koetter","",7,9,0,3,5,0,4,4,0,0,0,0,3,4,4,2,0,1,0,0,0,1,0,1,0,0,0,0,"REG",FALSE,FALSE
"17",2020,"ATL","Raheem Morris","Dirk Koetter","Jeff Ulbrich",4,12,0,2,6,0,2,6,0,0,0,0,2,8,1,5,0,1,1,0,0,0,0,0,0,0,0,0,"REG",FALSE,FALSE
"18",2020,"ATL","Dan Quinn","Dirk Koetter","Raheem Morris, Jeff Ulbrich",4,12,0,2,6,0,2,6,0,0,0,0,2,8,1,5,0,1,1,0,0,0,0,0,0,0,0,0,"REG",FALSE,FALSE
"19",2021,"ATL","Arthur Smith","Dave Ragone","Dean Pees",7,10,0,1,6,0,5,4,0,1,0,0,7,2,2,4,0,2,0,0,2,1,0,0,0,0,0,0,"REG",FALSE,FALSE
"20",2022,"ATL","Arthur Smith","Dave Ragone","Dean Pees",7,10,0,6,3,0,1,7,0,0,0,0,5,8,2,4,0,1,0,0,1,2,0,1,0,0,0,0,"REG",FALSE,FALSE
"21",2023,"ATL","Arthur Smith","Dave Ragone","Ryan Nielsen",7,10,0,5,3,0,2,6,0,0,1,0,4,6,3,3,0,0,0,0,1,2,0,0,0,0,0,0,"REG",FALSE,FALSE
"22",2024,"ATL","Raheem Morris","Zac Robinson","Jimmy Lake",8,9,0,4,5,0,4,4,0,0,0,0,6,6,4,2,0,1,1,0,1,1,0,1,2,0,0,0,"REG",FALSE,FALSE
"23",2025,"ATL","Raheem Morris","Zac Robinson","Jeff Ulbrich",8,9,0,4,4,0,4,4,0,0,1,0,5,5,3,3,0,2,0,0,2,0,0,0,2,0,0,0,"REG",FALSE,FALSE
"24",2015,"BAL","John Harbaugh","Marc Trestman","Dean Pees",5,11,0,3,5,0,2,6,0,0,0,0,5,9,3,3,0,0,2,0,1,0,0,1,1,0,0,0,"REG",FALSE,FALSE
"25",2016,"BAL","John Harbaugh","Marty Mornhinweg, Marc Trestman","Dean Pees",8,8,0,6,2,0,2,6,0,0,0,0,6,6,4,2,0,0,1,0,0,0,0,0,0,0,0,0,"REG",FALSE,FALSE
"26",2017,"BAL","John Harbaugh","Marty Mornhinweg","Dean Pees",9,7,0,5,3,0,4,3,0,0,1,0,2,5,3,3,0,1,0,0,2,1,0,0,1,0,0,0,"REG",FALSE,FALSE
"27",2018,"BAL","John Harbaugh","Marty Mornhinweg","Don Martindale",10,6,0,6,2,0,4,4,0,0,0,0,3,4,3,3,0,2,0,0,2,1,0,0,2,0,0,1,"WC",TRUE,FALSE
"28",2019,"BAL","John Harbaugh","Greg Roman","Don Martindale",14,2,0,7,1,0,7,1,0,0,0,0,5,1,5,1,0,2,0,0,3,0,0,1,0,0,0,1,"DIV",TRUE,FALSE
"29",2020,"BAL","John Harbaugh","Greg Roman","Don Martindale",11,5,0,5,3,0,6,2,0,0,0,0,2,4,4,2,0,0,1,0,3,1,0,0,1,0,1,1,"DIV",TRUE,FALSE
"30",2021,"BAL","John Harbaugh","Greg Roman","Don Martindale",8,9,0,5,4,0,3,5,0,0,0,0,6,6,1,5,0,1,0,0,1,1,0,2,2,0,0,0,"REG",FALSE,FALSE
"31",2022,"BAL","John Harbaugh","Greg Roman","Mike Macdonald",10,7,0,5,3,0,5,4,0,0,0,0,6,5,3,3,0,2,0,0,1,1,0,0,0,0,0,1,"WC",TRUE,FALSE
"32",2023,"BAL","John Harbaugh","Todd Monken","Mike Macdonald",13,4,0,6,3,0,6,1,0,1,0,0,4,4,3,3,0,2,0,0,0,0,0,1,1,0,1,1,"CON",TRUE,FALSE
"33",2024,"BAL","John Harbaugh","Todd Monken","Zach Orr",12,5,0,6,2,0,6,3,0,0,0,0,5,5,4,2,0,2,2,0,0,0,0,1,0,0,1,1,"DIV",TRUE,FALSE
"34",2025,"BAL","John Harbaugh","Todd Monken","Zach Orr",8,9,0,3,6,0,5,3,0,0,0,0,2,5,3,3,0,2,1,0,1,1,0,0,0,0,0,0,"REG",FALSE,FALSE
"35",2015,"BUF","Rex Ryan","Greg Roman","Dennis Thurman",8,8,0,5,3,0,3,4,0,0,1,0,3,5,4,2,0,1,1,0,1,2,0,0,0,0,0,0,"REG",FALSE,FALSE
"36",2016,"BUF","Anthony Lynn","Greg Roman","Dennis Thurman",7,9,0,4,4,0,3,5,0,0,0,0,2,6,1,5,0,2,0,0,2,0,0,0,1,0,0,0,"REG",FALSE,FALSE
"37",2016,"BUF","Rex Ryan","Anthony Lynn, Greg Roman","Dennis Thurman",7,9,0,4,4,0,3,5,0,0,0,0,2,6,1,5,0,2,0,0,2,0,0,0,1,0,0,0,"REG",FALSE,FALSE
"38",2017,"BUF","Sean McDermott","Rick Dennison","Leslie Frazier",9,7,0,6,2,0,3,5,0,0,0,0,6,2,3,3,0,1,1,0,1,0,0,1,0,0,0,1,"WC",TRUE,FALSE
"39",2018,"BUF","Sean McDermott","Brian Daboll","Leslie Frazier",6,10,0,4,4,0,2,6,0,0,0,0,3,3,2,4,0,1,0,0,0,0,0,0,0,0,0,0,"REG",FALSE,FALSE
"40",2019,"BUF","Sean McDermott","Brian Daboll","Leslie Frazier",10,6,0,4,4,0,6,2,0,0,0,0,4,5,3,3,0,1,1,0,1,0,0,0,0,0,0,1,"WC",TRUE,FALSE
"41",2020,"BUF","Sean McDermott","Brian Daboll","Leslie Frazier",13,3,0,7,1,0,5,2,0,1,0,0,5,1,6,0,0,1,0,0,1,2,0,0,0,0,2,1,"CON",TRUE,FALSE
"42",2021,"BUF","Sean McDermott","Brian Daboll","Leslie Frazier",11,6,0,6,3,0,5,3,0,0,0,0,0,5,5,1,0,1,1,0,3,0,0,0,1,0,1,1,"DIV",TRUE,FALSE
"43",2022,"BUF","Sean McDermott","Ken Dorsey","Leslie Frazier",13,3,0,6,1,0,6,2,0,1,0,0,6,3,4,2,0,3,0,0,0,0,0,0,1,0,1,1,"DIV",TRUE,FALSE
"44",2023,"BUF","Sean McDermott","Joe Brady, Ken Dorsey","",11,6,0,7,1,0,4,4,0,0,1,0,6,6,4,2,0,1,1,0,1,1,0,0,2,0,1,1,"DIV",TRUE,FALSE
"45",2024,"BUF","Sean McDermott","Joe Brady","Bobby Babich",13,4,0,8,0,0,5,4,0,0,0,0,5,3,5,1,0,2,0,0,1,0,0,0,0,0,2,1,"CON",TRUE,FALSE
"46",2025,"BUF","Sean McDermott","Joe Brady","Bobby Babich",12,5,0,7,2,0,5,3,0,0,0,0,5,3,4,2,0,3,0,0,2,2,0,0,0,0,1,1,"DIV",TRUE,FALSE
"47",2015,"CAR","Ron Rivera","Mike Shula","Sean McDermott",15,1,0,8,0,0,7,1,0,0,0,0,7,1,5,1,0,2,0,0,0,0,0,1,0,0,2,1,"SB",TRUE,FALSE
"48",2016,"CAR","Ron Rivera","Mike Shula","Sean McDermott",6,10,0,4,4,0,2,6,0,0,0,0,2,6,1,5,0,2,1,0,1,1,0,0,0,0,0,0,"REG",FALSE,FALSE
"49",2017,"CAR","Ron Rivera","Mike Shula","Steve Wilks",11,5,0,6,2,0,5,3,0,0,0,0,8,1,3,3,0,0,1,0,0,0,0,0,0,0,0,1,"WC",TRUE,FALSE
"50",2018,"CAR","Ron Rivera","Norv Turner","Eric Washington",7,9,0,5,3,0,2,6,0,0,0,0,3,7,2,4,0,1,1,0,2,2,0,0,0,0,0,0,"REG",FALSE,FALSE
"51",2019,"CAR","Perry Fewell","Norv Turner, Scott Turner","Eric Washington",5,11,0,2,6,0,2,5,0,1,0,0,2,6,1,5,0,1,1,0,0,1,0,0,0,0,0,0,"REG",FALSE,FALSE
"52",2019,"CAR","Ron Rivera","Norv Turner, Scott Turner","Eric Washington",5,11,0,2,6,0,2,5,0,1,0,0,2,6,1,5,0,1,1,0,0,1,0,0,0,0,0,0,"REG",FALSE,FALSE
"53",2020,"CAR","Matt Rhule","Joe Brady","Phil Snow",5,11,0,2,6,0,3,5,0,0,0,0,3,8,1,5,0,0,2,0,0,3,0,0,0,0,0,0,"REG",FALSE,FALSE
"54",2021,"CAR","Matt Rhule","Joe Brady, Jeff Nixon","Phil Snow",5,12,0,2,6,0,3,6,0,0,0,0,2,6,2,4,0,0,2,0,0,0,0,0,1,0,0,0,"REG",FALSE,FALSE
"55",2022,"CAR","Steve Wilks","Ben McAdoo","Al Holcomb, Phil Snow",7,10,0,5,4,0,2,6,0,0,0,0,3,5,4,2,0,1,0,0,0,1,0,0,1,0,0,0,"REG",FALSE,FALSE
"56",2022,"CAR","Matt Rhule","Ben McAdoo","Al Holcomb, Phil Snow",7,10,0,5,4,0,2,6,0,0,0,0,3,5,4,2,0,1,0,0,0,1,0,0,1,0,0,0,"REG",FALSE,FALSE
"57",2023,"CAR","Chris Tabor","Thomas Brown","Ejiro Evero",2,15,0,2,6,0,0,9,0,0,0,0,2,6,1,5,0,0,1,0,0,1,0,0,0,0,0,0,"REG",FALSE,FALSE
"58",2023,"CAR","Frank Reich","Thomas Brown","Ejiro Evero",2,15,0,2,6,0,0,9,0,0,0,0,2,6,1,5,0,0,1,0,0,1,0,0,0,0,0,0,"REG",FALSE,FALSE
"59",2024,"CAR","Dave Canales","Brad Idzik","Ejiro Evero",5,12,0,2,6,0,2,6,0,1,0,0,4,3,2,4,0,0,1,0,0,2,0,3,1,0,0,0,"REG",FALSE,FALSE
"60",2025,"CAR","Dave Canales","Brad Idzik","Ejiro Evero",8,9,0,5,3,0,3,6,0,0,0,0,7,3,3,3,0,0,1,0,1,2,0,1,0,0,0,1,"WC",TRUE,FALSE
"61",2015,"CHI","John Fox","Adam Gase","Vic Fangio",6,10,0,1,7,0,5,3,0,0,0,0,5,7,1,5,0,0,2,0,1,1,0,0,2,0,0,0,"REG",FALSE,FALSE
"62",2016,"CHI","John Fox","Dowell Loggains","Vic Fangio",3,13,0,3,5,0,0,8,0,0,0,0,1,6,2,4,0,1,1,0,0,1,0,0,0,0,0,0,"REG",FALSE,FALSE
"63",2017,"CHI","John Fox","Dowell Loggains","Vic Fangio",5,11,0,3,5,0,2,6,0,0,0,0,2,6,0,6,0,0,2,0,1,1,0,2,0,0,0,0,"REG",FALSE,FALSE
"64",2018,"CHI","Matt Nagy","Mark Helfrich","Vic Fangio",12,4,0,7,1,0,5,3,0,0,0,0,6,4,5,1,0,0,2,0,1,0,0,0,2,0,0,1,"WC",TRUE,FALSE
"65",2019,"CHI","Matt Nagy","Mark Helfrich","Chuck Pagano",8,8,0,4,4,0,4,3,0,0,1,0,6,5,4,2,0,1,2,0,1,0,0,0,0,0,0,0,"REG",FALSE,FALSE
"66",2020,"CHI","Matt Nagy","Bill Lazor","Chuck Pagano",8,8,0,3,5,0,5,3,0,0,0,0,6,5,2,4,0,1,1,0,0,1,0,0,1,0,0,1,"WC",TRUE,FALSE
"67",2021,"CHI","Matt Nagy","Bill Lazor","Sean Desai",6,11,0,3,5,0,3,6,0,0,0,0,3,3,2,4,0,0,1,0,0,4,0,0,0,0,0,0,"REG",FALSE,FALSE
"68",2022,"CHI","Matt Eberflus","Luke Getsy","Alan Williams",3,14,0,2,7,0,1,7,0,0,0,0,1,7,0,6,0,1,1,0,0,1,0,0,0,0,0,0,"REG",FALSE,FALSE
"69",2023,"CHI","Matt Eberflus","Luke Getsy","Alan Williams",7,10,0,5,3,0,2,7,0,0,0,0,2,6,2,4,0,1,2,0,0,0,0,0,0,0,0,0,"REG",FALSE,FALSE
"70",2024,"CHI","Thomas Brown","Chris Beatty, Shane Waldron","Eric Washington",5,12,0,3,5,0,1,7,0,1,0,0,3,7,1,5,0,1,2,0,0,1,0,0,1,0,0,0,"REG",FALSE,FALSE
"71",2024,"CHI","Matt Eberflus","Chris Beatty, Thomas Brown, Shane Waldron","Eric Washington",5,12,0,3,5,0,1,7,0,1,0,0,3,7,1,5,0,1,2,0,0,1,0,0,1,0,0,0,"REG",FALSE,FALSE
"72",2025,"CHI","Ben Johnson","Declan Doyle","Dennis Allen",11,6,0,6,2,0,5,4,0,0,0,0,7,4,2,4,0,1,1,0,0,2,0,1,0,0,1,1,"DIV",TRUE,FALSE
"73",2015,"CIN","Marvin Lewis","Hue Jackson","Paul Guenther",12,4,0,6,2,0,6,2,0,0,0,0,5,3,5,1,0,1,0,0,0,1,0,1,1,0,0,1,"WC",TRUE,FALSE
"74",2016,"CIN","Marvin Lewis","Ken Zampese","Paul Guenther",6,9,1,4,3,0,2,6,0,0,0,1,1,6,3,3,0,0,2,0,1,1,1,0,0,1,0,0,"REG",FALSE,FALSE
"75",2017,"CIN","Marvin Lewis","Bill Lazor, Ken Zampese","Paul Guenther",7,9,0,4,4,0,3,5,0,0,0,0,4,4,3,3,0,0,2,0,0,1,0,0,1,0,0,0,"REG",FALSE,FALSE
"76",2018,"CIN","Marvin Lewis","Bill Lazor","Teryl Austin",6,10,0,4,4,0,2,6,0,0,0,0,2,5,1,5,0,0,2,0,0,2,0,0,0,0,0,0,"REG",FALSE,FALSE
"77",2019,"CIN","Zac Taylor","Brian Callahan","Lou Anarumo",2,14,0,2,6,0,0,7,0,0,1,0,0,8,1,5,0,0,1,0,0,2,0,0,1,0,0,0,"REG",FALSE,FALSE
"78",2020,"CIN","Zac Taylor","Brian Callahan","Lou Anarumo",4,11,1,3,5,0,1,6,1,0,0,0,2,5,1,5,0,0,2,1,1,1,0,0,0,1,0,0,"REG",FALSE,FALSE
"79",2021,"CIN","Zac Taylor","Brian Callahan","Lou Anarumo",10,7,0,5,4,0,5,3,0,0,0,0,4,5,4,2,0,1,1,0,0,0,0,1,2,0,3,1,"SB",TRUE,FALSE
"80",2022,"CIN","Zac Taylor","Brian Callahan","Lou Anarumo",12,4,0,6,1,0,6,3,0,0,0,0,5,3,3,3,0,1,1,0,1,0,0,0,1,0,2,1,"CON",TRUE,FALSE
"81",2023,"CIN","Zac Taylor","Brian Callahan","Lou Anarumo",9,8,0,6,3,0,3,5,0,0,0,0,5,4,1,5,0,1,2,0,3,0,0,2,0,0,0,0,"REG",FALSE,FALSE
"82",2024,"CIN","Zac Taylor","Dan Pitcher","Lou Anarumo",9,8,0,3,5,0,6,3,0,0,0,0,4,7,3,3,0,0,2,0,3,1,0,1,1,0,0,0,"REG",FALSE,FALSE
"83",2025,"CIN","Zac Taylor","Dan Pitcher","Al Golden",6,11,0,3,6,0,3,5,0,0,0,0,3,5,3,3,0,0,3,0,0,2,0,0,0,0,0,0,"REG",FALSE,FALSE
"84",2015,"CLE","Mike Pettine","John DeFilippo","Jim O'Neil",3,13,0,2,6,0,1,7,0,0,0,0,1,5,1,5,0,0,2,0,1,1,0,1,1,0,0,0,"REG",FALSE,FALSE
"85",2016,"CLE","Hue Jackson","","Ray Horton",1,15,0,1,7,0,0,8,0,0,0,0,1,5,0,6,0,0,2,0,0,0,0,0,2,0,0,0,"REG",FALSE,FALSE
"86",2017,"CLE","Hue Jackson","","Gregg Williams",0,16,0,0,7,0,0,8,0,0,1,0,0,6,0,6,0,0,1,0,0,1,0,0,2,0,0,0,"REG",FALSE,FALSE
"87",2018,"CLE","Gregg Williams","Todd Haley, Freddie Kitchens","",7,8,1,5,2,1,2,6,0,0,0,0,5,4,3,2,1,1,1,0,0,1,1,1,2,1,0,0,"REG",FALSE,FALSE
"88",2018,"CLE","Hue Jackson","Todd Haley, Freddie Kitchens","Gregg Williams",7,8,1,5,2,1,2,6,0,0,0,0,5,4,3,2,1,1,1,0,0,1,1,1,2,1,0,0,"REG",FALSE,FALSE
"89",2019,"CLE","Freddie Kitchens","Todd Monken","Steve Wilks",6,10,0,4,4,0,2,6,0,0,0,0,2,4,3,3,0,1,1,0,0,3,0,0,0,0,0,0,"REG",FALSE,FALSE
"90",2020,"CLE","Kevin Stefanski","Alex Van Pelt","Joe Woods",11,5,0,6,2,0,5,3,0,0,0,0,7,2,3,3,0,2,1,0,0,0,0,0,0,0,1,1,"DIV",TRUE,FALSE
"91",2021,"CLE","Kevin Stefanski","Alex Van Pelt","Joe Woods",8,9,0,6,3,0,2,6,0,0,0,0,5,6,3,3,0,1,0,0,0,1,0,0,0,0,0,0,"REG",FALSE,FALSE
"92",2022,"CLE","Kevin Stefanski","Alex Van Pelt","Joe Woods",7,10,0,4,4,0,3,5,0,0,1,0,2,6,3,3,0,0,2,0,1,0,0,1,0,0,0,0,"REG",FALSE,FALSE
"93",2023,"CLE","Kevin Stefanski","Alex Van Pelt","Jim Schwartz",11,6,0,8,1,0,3,5,0,0,0,0,6,2,3,3,0,1,1,0,0,0,0,0,0,0,0,1,"WC",TRUE,FALSE
"94",2024,"CLE","Kevin Stefanski","Ken Dorsey","Jim Schwartz",3,14,0,2,6,0,1,8,0,0,0,0,3,4,2,4,0,0,2,0,0,2,0,0,0,0,0,0,"REG",FALSE,FALSE
"95",2025,"CLE","Kevin Stefanski","Tommy Rees","Jim Schwartz",5,12,0,3,5,0,2,6,0,0,1,0,3,6,2,4,0,0,0,0,1,1,0,0,0,0,0,0,"REG",FALSE,FALSE
"96",2015,"DAL","Jason Garrett","Scott Linehan","Rod Marinelli",4,12,0,1,7,0,3,5,0,0,0,0,2,6,3,3,0,1,1,0,0,4,0,0,2,0,0,0,"REG",FALSE,FALSE
"97",2016,"DAL","Jason Garrett","Scott Linehan","Rod Marinelli",13,3,0,7,1,0,6,2,0,0,0,0,7,2,3,3,0,1,1,0,2,1,0,1,0,0,0,1,"DIV",TRUE,FALSE
"98",2017,"DAL","Jason Garrett","Scott Linehan","Rod Marinelli",9,7,0,3,5,0,6,2,0,0,0,0,2,2,5,1,0,2,0,0,0,3,0,0,0,0,0,0,"REG",FALSE,FALSE
"99",2018,"DAL","Jason Garrett","Scott Linehan","Rod Marinelli",10,6,0,7,1,0,3,5,0,0,0,0,9,3,5,1,0,1,0,0,1,0,0,1,1,0,1,1,"DIV",TRUE,FALSE
"100",2019,"DAL","Jason Garrett","Kellen Moore","Rod Marinelli",8,8,0,5,3,0,3,5,0,0,0,0,1,6,5,1,0,2,0,0,0,1,0,0,0,0,0,0,"REG",FALSE,FALSE
"101",2020,"DAL","Mike McCarthy","Kellen Moore","Mike Nolan",6,10,0,4,4,0,2,6,0,0,0,0,4,4,2,4,0,1,1,0,1,1,0,0,0,0,0,0,"REG",FALSE,FALSE
"102",2021,"DAL","Mike McCarthy","Kellen Moore","Dan Quinn",12,5,0,5,3,0,7,2,0,0,0,0,5,3,6,0,0,2,0,0,1,0,0,1,0,0,0,1,"WC",TRUE,FALSE
"103",2022,"DAL","Mike McCarthy","Kellen Moore","Dan Quinn",12,5,0,8,1,0,4,4,0,0,0,0,5,2,4,2,0,1,2,0,1,0,0,0,2,0,1,1,"DIV",TRUE,FALSE
"104",2023,"DAL","Mike McCarthy","Brian Schottenheimer","Dan Quinn",12,5,0,8,0,0,4,5,0,0,0,0,3,2,5,1,0,2,0,0,2,0,0,0,0,0,0,1,"WC",TRUE,FALSE
"105",2024,"DAL","Mike McCarthy","Brian Schottenheimer","Mike Zimmer",7,10,0,2,7,0,5,3,0,0,0,0,5,5,3,3,0,1,2,0,1,1,0,0,0,0,0,0,"REG",FALSE,FALSE
"106",2025,"DAL","Brian Schottenheimer","Klayton Adams","Matt Eberflus",7,9,1,4,3,1,3,6,0,0,0,0,4,3,4,2,0,2,2,0,0,1,1,1,0,1,0,0,"REG",FALSE,FALSE
"107",2015,"DEN","Gary Kubiak","Rick Dennison","Wade Phillips",12,4,0,6,2,0,6,2,0,0,0,0,9,3,4,2,0,1,0,0,1,1,0,3,0,0,3,0,"SB",TRUE,TRUE
"108",2016,"DEN","Gary Kubiak","Rick Dennison","Wade Phillips",9,7,0,5,3,0,4,4,0,0,0,0,3,4,2,4,0,2,1,0,0,1,0,0,1,0,0,0,"REG",FALSE,FALSE
"109",2017,"DEN","Vance Joseph","Mike McCoy, Bill Musgrave","Joe Woods",5,11,0,4,4,0,1,7,0,0,0,0,2,3,2,4,0,0,2,0,0,2,0,0,0,0,0,0,"REG",FALSE,FALSE
"110",2018,"DEN","Vance Joseph","Bill Musgrave","Joe Woods",6,10,0,3,5,0,3,5,0,0,0,0,4,6,2,4,0,1,1,0,0,3,0,0,0,0,0,0,"REG",FALSE,FALSE
"111",2019,"DEN","Vic Fangio","Rich Scangarello","Ed Donatell",7,9,0,5,3,0,2,6,0,0,0,0,4,5,3,3,0,0,2,0,1,2,0,0,0,0,0,0,"REG",FALSE,FALSE
"112",2020,"DEN","Vic Fangio","Pat Shurmur","Ed Donatell",5,11,0,2,6,0,3,5,0,0,0,0,4,6,1,5,0,1,0,0,1,2,0,0,0,0,0,0,"REG",FALSE,FALSE
"113",2021,"DEN","Vic Fangio","Pat Shurmur","Ed Donatell",7,10,0,4,5,0,3,5,0,0,0,0,1,5,1,5,0,2,0,0,0,1,0,0,0,0,0,0,"REG",FALSE,FALSE
"114",2022,"DEN","Jerry Rosburg","Justin Outten","Ejiro Evero",5,12,0,4,4,0,0,8,0,1,0,0,4,9,1,5,0,0,2,0,0,0,0,0,3,0,0,0,"REG",FALSE,FALSE
"115",2022,"DEN","Nathaniel Hackett","Justin Outten","Ejiro Evero",5,12,0,4,4,0,0,8,0,1,0,0,4,9,1,5,0,0,2,0,0,0,0,0,3,0,0,0,"REG",FALSE,FALSE
"116",2023,"DEN","Sean Payton","Joe Lombardi","Vance Joseph",8,9,0,5,4,0,3,5,0,0,0,0,5,4,3,3,0,1,0,0,1,0,0,0,0,0,0,0,"REG",FALSE,FALSE
"117",2024,"DEN","Sean Payton","Joe Lombardi","Vance Joseph",10,7,0,6,2,0,4,5,0,0,0,0,1,6,3,3,0,1,1,0,3,1,0,0,1,0,0,1,"WC",TRUE,FALSE
"118",2025,"DEN","Sean Payton","Joe Lombardi","Vance Joseph",14,3,0,8,1,0,5,2,0,1,0,0,11,2,5,1,0,1,0,0,2,0,0,1,0,0,1,1,"CON",TRUE,FALSE
"119",2015,"DET","Jim Caldwell","Jim Bob Cooter, Joe Lombardi","Teryl Austin",7,9,0,4,4,0,3,4,0,0,1,0,5,4,3,3,0,1,1,0,0,1,0,1,0,0,0,0,"REG",FALSE,FALSE
"120",2016,"DET","Jim Caldwell","Jim Bob Cooter","Teryl Austin",9,7,0,6,2,0,3,5,0,0,0,0,8,5,3,3,0,2,0,0,1,1,0,1,0,0,0,1,"WC",TRUE,FALSE
"121",2017,"DET","Jim Caldwell","Jim Bob Cooter","Teryl Austin",9,7,0,4,4,0,5,3,0,0,0,0,3,4,5,1,0,0,2,0,2,1,0,0,0,0,0,0,"REG",FALSE,FALSE
"122",2018,"DET","Matt Patricia","Jim Bob Cooter","Paul Pasqualoni",6,10,0,3,5,0,3,5,0,0,0,0,2,4,2,4,0,1,0,0,1,2,0,0,0,0,0,0,"REG",FALSE,FALSE
"123",2019,"DET","Matt Patricia","Darrell Bevell","Paul Pasqualoni",3,12,1,2,6,0,1,6,1,0,0,0,3,8,0,6,0,0,2,0,0,0,1,0,0,1,0,0,"REG",FALSE,FALSE
"124",2020,"DET","Darrell Bevell","","Cory Undlin",5,11,0,1,7,0,4,4,0,0,0,0,4,4,1,5,0,2,0,0,0,1,0,0,0,0,0,0,"REG",FALSE,FALSE
"125",2020,"DET","Matt Patricia","Darrell Bevell","Cory Undlin",5,11,0,1,7,0,4,4,0,0,0,0,4,4,1,5,0,2,0,0,0,1,0,0,0,0,0,0,"REG",FALSE,FALSE
"126",2021,"DET","Dan Campbell","Anthony Lynn","Aaron Glenn",3,13,1,3,5,0,0,8,1,0,0,0,2,6,2,4,0,1,0,1,0,0,0,0,0,1,0,0,"REG",FALSE,FALSE
"127",2022,"DET","Dan Campbell","Ben Johnson","Aaron Glenn",9,8,0,5,4,0,4,4,0,0,0,0,4,5,5,1,0,1,1,0,0,0,0,0,0,0,0,0,"REG",FALSE,FALSE
"128",2023,"DET","Dan Campbell","Ben Johnson","Aaron Glenn",12,5,0,6,2,0,6,3,0,0,0,0,5,3,4,2,0,3,1,0,2,1,0,0,1,0,2,1,"CON",TRUE,FALSE
"129",2024,"DET","Dan Campbell","Ben Johnson","Aaron Glenn",15,2,0,7,2,0,8,0,0,0,0,0,7,2,6,0,0,1,1,0,2,0,0,1,0,0,0,1,"DIV",TRUE,FALSE
"130",2025,"DET","Dan Campbell","John Morton","Kelvin Sheppard",9,8,0,5,3,0,4,5,0,0,0,0,3,5,2,4,0,1,2,0,0,0,0,1,0,0,0,0,"REG",FALSE,FALSE
"131",2015,"GB","Mike McCarthy","Edgar Bennett","Dom Capers",10,6,0,5,3,0,5,3,0,0,0,0,3,4,3,3,0,1,0,0,1,1,0,0,0,0,1,1,"DIV",TRUE,FALSE
"132",2016,"GB","Mike McCarthy","Edgar Bennett","Dom Capers",10,6,0,6,2,0,4,4,0,0,0,0,6,3,5,1,0,2,1,0,0,0,0,0,0,0,2,1,"CON",TRUE,FALSE
"133",2017,"GB","Mike McCarthy","Edgar Bennett","Dom Capers",7,9,0,4,4,0,3,5,0,0,0,0,6,2,2,4,0,1,1,0,2,2,0,3,0,0,0,0,"REG",FALSE,FALSE
"134",2018,"GB","Joe Philbin","","Mike Pettine",6,9,1,5,2,1,1,7,0,0,0,0,3,6,1,4,1,0,2,0,0,0,1,1,0,1,0,0,"REG",FALSE,FALSE
"135",2018,"GB","Mike McCarthy","Joe Philbin","Mike Pettine",6,9,1,5,2,1,1,7,0,0,0,0,3,6,1,4,1,0,2,0,0,0,1,1,0,1,0,0,"REG",FALSE,FALSE
"136",2019,"GB","Matt LaFleur","Nathaniel Hackett","Mike Pettine",13,3,0,7,1,0,6,2,0,0,0,0,8,1,6,0,0,2,1,0,4,0,0,0,0,0,1,1,"CON",TRUE,FALSE
"137",2020,"GB","Matt LaFleur","Nathaniel Hackett","Mike Pettine",13,3,0,7,1,0,6,2,0,0,0,0,4,2,5,1,0,1,1,0,1,2,0,0,1,0,1,1,"CON",TRUE,FALSE
"138",2021,"GB","Matt LaFleur","Nathaniel Hackett","Joe Barry",13,4,0,8,0,0,5,3,0,0,1,0,6,3,4,2,0,1,1,0,3,0,0,1,0,0,0,1,"DIV",TRUE,FALSE
"139",2022,"GB","Matt LaFleur","Adam Stenavich","Joe Barry",8,9,0,5,3,0,3,5,0,0,1,0,4,5,3,3,0,1,1,0,2,2,0,2,0,0,0,0,"REG",FALSE,FALSE
"140",2023,"GB","Matt LaFleur","Adam Stenavich","Joe Barry",9,8,0,5,3,0,4,5,0,0,0,0,6,5,4,2,0,1,2,0,0,2,0,0,0,0,1,1,"DIV",TRUE,FALSE
"141",2024,"GB","Matt LaFleur","Adam Stenavich","Jeff Hafley",11,6,0,6,3,0,5,2,0,0,1,0,5,5,1,5,0,3,0,0,0,1,0,0,0,0,0,1,"WC",TRUE,FALSE
"142",2025,"GB","Matt LaFleur","Adam Stenavich","Jeff Hafley",9,7,1,5,3,0,4,4,1,0,0,0,4,5,4,2,0,1,1,0,1,2,1,0,1,1,0,1,"WC",TRUE,FALSE
"143",2015,"HOU","Bill O'Brien","George Godsey","Romeo Crennel",9,7,0,5,3,0,4,4,0,0,0,0,3,3,5,1,0,2,0,0,2,0,0,0,0,0,0,1,"WC",TRUE,FALSE
"144",2016,"HOU","Bill O'Brien","George Godsey","Romeo Crennel",9,7,0,7,1,0,2,5,0,0,1,0,8,4,5,1,0,2,0,0,0,3,0,1,0,0,1,1,"DIV",TRUE,FALSE
"145",2017,"HOU","Bill O'Brien","","Mike Vrabel",4,12,0,3,5,0,1,7,0,0,0,0,1,5,1,5,0,0,2,0,1,1,0,0,0,0,0,0,"REG",FALSE,FALSE
"146",2018,"HOU","Bill O'Brien","","Romeo Crennel",11,5,0,6,2,0,5,3,0,0,0,0,6,5,4,2,0,2,0,0,0,0,0,2,0,0,0,1,"WC",TRUE,FALSE
"147",2019,"HOU","Bill O'Brien","Tim Kelly","Romeo Crennel",10,6,0,5,3,0,4,3,0,1,0,0,8,3,4,2,0,1,1,0,0,1,0,0,0,0,1,1,"DIV",TRUE,FALSE
"148",2020,"HOU","Romeo Crennel","Tim Kelly","Anthony Weaver",4,12,0,2,6,0,2,6,0,0,0,0,2,8,2,4,0,0,3,0,0,1,0,0,1,0,0,0,"REG",FALSE,FALSE
"149",2020,"HOU","Bill O'Brien","Tim Kelly","Anthony Weaver",4,12,0,2,6,0,2,6,0,0,0,0,2,8,2,4,0,0,3,0,0,1,0,0,1,0,0,0,"REG",FALSE,FALSE
"150",2021,"HOU","David Culley","Tim Kelly","Lovie Smith",4,13,0,2,7,0,2,6,0,0,0,0,0,4,3,3,0,1,1,0,1,1,0,0,0,0,0,0,"REG",FALSE,FALSE
"151",2022,"HOU","Lovie Smith","Pep Hamilton","",3,13,1,0,7,1,3,6,0,0,0,0,3,6,3,2,1,0,0,0,0,3,1,0,1,1,0,0,"REG",FALSE,FALSE
"152",2023,"HOU","DeMeco Ryans","Bobby Slowik","Matt Burke",10,7,0,6,3,0,4,4,0,0,0,0,7,3,4,2,0,0,0,0,1,0,0,1,0,0,1,1,"DIV",TRUE,FALSE
"153",2024,"HOU","DeMeco Ryans","Bobby Slowik","Matt Burke",10,7,0,5,3,0,5,4,0,0,0,0,7,5,5,1,0,2,1,0,1,0,0,0,0,0,1,1,"DIV",TRUE,FALSE
"154",2025,"HOU","DeMeco Ryans","Nick Caley","Matt Burke",12,5,0,7,2,0,5,3,0,0,0,0,7,5,5,1,0,1,1,0,2,0,0,0,0,0,1,1,"DIV",TRUE,FALSE
"155",2015,"IND","Chuck Pagano","Rob Chudzinski, Pep Hamilton","Greg Manusky",8,8,0,4,4,0,4,4,0,0,0,0,7,4,4,2,0,0,1,0,0,1,0,1,1,0,0,0,"REG",FALSE,FALSE
"156",2016,"IND","Chuck Pagano","Rob Chudzinski","Ted Monachino",8,8,0,4,4,0,4,3,0,0,1,0,6,5,3,3,0,2,0,0,0,1,0,0,1,0,0,0,"REG",FALSE,FALSE
"157",2017,"IND","Chuck Pagano","Rob Chudzinski","Ted Monachino",4,12,0,3,5,0,1,7,0,0,0,0,3,6,2,4,0,1,2,0,0,1,0,1,2,0,0,0,"REG",FALSE,FALSE
"158",2018,"IND","Frank Reich","Nick Sirianni","Matt Eberflus",10,6,0,6,2,0,4,4,0,0,0,0,4,4,4,2,0,0,1,0,2,0,0,0,1,0,1,1,"DIV",TRUE,FALSE
"159",2019,"IND","Frank Reich","Nick Sirianni","Matt Eberflus",7,9,0,5,3,0,2,6,0,0,0,0,5,6,3,3,0,1,1,0,2,0,0,0,1,0,0,0,"REG",FALSE,FALSE
"160",2020,"IND","Frank Reich","Nick Sirianni","Matt Eberflus",11,5,0,6,2,0,5,3,0,0,0,0,5,2,4,2,0,2,0,0,1,0,0,1,0,0,0,1,"WC",TRUE,FALSE
"161",2021,"IND","Frank Reich","Marcus Brady","Matt Eberflus",9,8,0,4,5,0,5,3,0,0,0,0,2,5,3,3,0,1,0,0,1,0,0,0,2,0,0,0,"REG",FALSE,FALSE
"162",2022,"IND","Jeff Saturday","Marcus Brady","Gus Bradley",4,12,1,2,6,0,2,6,1,0,0,0,4,6,1,4,1,1,1,0,1,3,1,1,1,1,0,0,"REG",FALSE,FALSE
"163",2022,"IND","Frank Reich","Marcus Brady","Gus Bradley",4,12,1,2,6,0,2,6,1,0,0,0,4,6,1,4,1,1,1,0,1,3,1,1,1,1,0,0,"REG",FALSE,FALSE
"164",2023,"IND","Shane Steichen","Jim Bob Cooter","Gus Bradley",9,8,0,4,5,0,4,3,0,1,0,0,6,3,3,3,0,1,0,0,1,1,0,2,1,0,0,0,"REG",FALSE,FALSE
"165",2024,"IND","Shane Steichen","Jim Bob Cooter","Gus Bradley",8,9,0,5,3,0,3,6,0,0,0,0,8,5,3,3,0,0,0,0,2,2,0,1,0,0,0,0,"REG",FALSE,FALSE
"166",2025,"IND","Shane Steichen","Jim Bob Cooter","Lou Anarumo",8,9,0,5,3,0,2,6,0,1,0,0,3,7,2,4,0,0,1,0,0,1,0,1,1,0,0,0,"REG",FALSE,FALSE
"167",2015,"JAX","Gus Bradley","Greg Olson","Bob Babich",5,11,0,3,4,0,1,7,0,1,0,0,4,6,2,4,0,0,2,0,1,1,0,0,1,0,0,0,"REG",FALSE,FALSE
"168",2016,"JAX","Doug Marrone","Nathaniel Hackett, Greg Olson","Todd Wash",3,13,0,1,6,0,1,7,0,1,0,0,2,8,2,4,0,1,1,0,0,3,0,0,0,0,0,0,"REG",FALSE,FALSE
"169",2016,"JAX","Gus Bradley","Nathaniel Hackett, Greg Olson","Todd Wash",3,13,0,1,6,0,1,7,0,1,0,0,2,8,2,4,0,1,1,0,0,3,0,0,0,0,0,0,"REG",FALSE,FALSE
"170",2017,"JAX","Doug Marrone","Nathaniel Hackett","Todd Wash",10,6,0,5,2,0,4,4,0,1,0,0,2,3,4,2,0,1,0,0,1,0,0,1,1,0,2,1,"CON",TRUE,FALSE
"171",2018,"JAX","Doug Marrone","Nathaniel Hackett","Todd Wash",5,11,0,3,4,0,2,6,0,0,1,0,2,6,1,5,0,0,1,0,1,2,0,0,0,0,0,0,"REG",FALSE,FALSE
"172",2019,"JAX","Doug Marrone","John DeFilippo","Todd Wash",6,10,0,3,4,0,3,5,0,0,1,0,2,3,2,4,0,1,1,0,0,1,0,0,0,0,0,0,"REG",FALSE,FALSE
"173",2020,"JAX","Doug Marrone","Jay Gruden","Todd Wash",1,15,0,1,7,0,0,8,0,0,0,0,1,6,1,5,0,0,1,0,0,3,0,0,1,0,0,0,"REG",FALSE,FALSE
"174",2021,"JAX","Darrell Bevell","","Joe Cullen",3,14,0,2,6,0,0,8,0,1,0,0,2,4,1,5,0,0,2,0,0,3,0,0,0,0,0,0,"REG",FALSE,FALSE
"175",2021,"JAX","Urban Meyer","Darrell Bevell","Joe Cullen",3,14,0,2,6,0,0,8,0,1,0,0,2,4,1,5,0,0,2,0,0,3,0,0,0,0,0,0,"REG",FALSE,FALSE
"176",2022,"JAX","Doug Pederson","Press Taylor","Mike Caldwell",9,8,0,5,2,0,4,5,0,0,1,0,4,6,4,2,0,2,0,0,2,2,0,1,0,0,1,1,"DIV",TRUE,FALSE
"177",2023,"JAX","Doug Pederson","Press Taylor","Mike Caldwell",9,8,0,3,5,0,4,3,0,2,0,0,3,4,4,2,0,1,0,0,0,1,0,0,1,0,0,0,"REG",FALSE,FALSE
"178",2024,"JAX","Doug Pederson","Press Taylor","Ryan Nielsen",4,13,0,2,5,0,1,7,0,1,1,0,3,10,3,3,0,0,1,0,0,1,0,0,1,0,0,0,"REG",FALSE,FALSE
"179",2025,"JAX","Liam Coen","Grant Udinski","Anthony Campanile",13,4,0,7,1,0,6,2,0,0,1,0,6,3,5,1,0,0,0,0,0,0,0,2,0,0,0,1,"WC",TRUE,FALSE
"180",2015,"KC","Andy Reid","Doug Pederson","Bob Sutton",11,5,0,5,2,0,5,3,0,1,0,0,5,3,5,1,0,1,1,0,2,1,0,0,0,0,1,1,"DIV",TRUE,FALSE
"181",2016,"KC","Andy Reid","Brad Childress","Bob Sutton",12,4,0,6,2,0,6,2,0,0,0,0,7,3,6,0,0,1,1,0,3,0,0,2,0,0,0,1,"DIV",TRUE,FALSE
"182",2017,"KC","Andy Reid","Matt Nagy","Bob Sutton",10,6,0,6,2,0,4,4,0,0,0,0,3,5,5,1,0,2,1,0,0,0,0,0,1,0,0,1,"WC",TRUE,FALSE
"183",2018,"KC","Andy Reid","Eric Bieniemy","Bob Sutton",12,4,0,7,1,0,5,3,0,0,0,0,5,4,5,1,0,1,1,0,2,1,0,1,0,0,1,1,"CON",TRUE,FALSE
"184",2019,"KC","Andy Reid","Eric Bieniemy","Steve Spagnuolo",12,4,0,5,3,0,6,1,0,1,0,0,5,4,6,0,0,1,1,0,2,0,0,0,0,0,3,0,"SB",TRUE,TRUE
"185",2020,"KC","Andy Reid","Eric Bieniemy","Steve Spagnuolo",14,2,0,6,2,0,8,0,0,0,0,0,8,1,4,2,0,3,0,0,1,0,0,1,0,0,2,1,"SB",TRUE,FALSE
"186",2021,"KC","Andy Reid","Eric Bieniemy","Steve Spagnuolo",12,5,0,7,2,0,5,3,0,0,0,0,5,3,5,1,0,2,0,0,1,0,0,1,0,0,2,1,"CON",TRUE,FALSE
"187",2022,"KC","Andy Reid","Eric Bieniemy","Steve Spagnuolo",14,3,0,7,1,0,7,2,0,0,0,0,7,3,6,0,0,1,1,0,1,0,0,2,0,0,3,0,"SB",TRUE,TRUE
"188",2023,"KC","Andy Reid","Matt Nagy","Steve Spagnuolo",11,6,0,4,4,0,6,2,0,1,0,0,6,5,4,2,0,2,0,0,2,3,0,0,0,0,4,0,"SB",TRUE,TRUE
"189",2024,"KC","Andy Reid","Matt Nagy","Steve Spagnuolo",15,2,0,8,0,0,7,2,0,0,0,0,11,0,5,1,0,3,1,0,1,0,0,1,0,0,2,1,"SB",TRUE,FALSE
"190",2025,"KC","Andy Reid","Matt Nagy","Steve Spagnuolo",6,11,0,5,4,0,1,6,0,0,1,0,1,9,1,5,0,0,3,0,1,0,0,1,0,0,0,0,"REG",FALSE,FALSE
"191",2015,"LAC","Mike McCoy","Frank Reich","John Pagano",4,12,0,3,5,0,1,7,0,0,0,0,3,9,0,6,0,0,2,0,1,2,0,0,1,0,0,0,"REG",FALSE,FALSE
"192",2016,"LAC","Mike McCoy","Ken Whisenhunt","John Pagano",5,11,0,3,5,0,2,6,0,0,0,0,4,9,1,5,0,2,0,0,1,1,0,1,1,0,0,0,"REG",FALSE,FALSE
"193",2017,"LAC","Anthony Lynn","Ken Whisenhunt","Gus Bradley",9,7,0,5,3,0,4,4,0,0,0,0,3,5,3,3,0,1,1,0,1,1,0,0,1,0,0,0,"REG",FALSE,FALSE
"194",2018,"LAC","Anthony Lynn","Ken Whisenhunt","Gus Bradley",12,4,0,4,3,0,7,1,0,1,0,0,6,1,4,2,0,2,1,0,1,1,0,0,0,0,1,1,"DIV",TRUE,FALSE
"195",2019,"LAC","Anthony Lynn","Shane Steichen, Ken Whisenhunt","Gus Bradley",5,11,0,2,5,0,3,5,0,0,1,0,2,9,0,6,0,0,2,0,0,0,0,1,0,0,0,0,"REG",FALSE,FALSE
"196",2020,"LAC","Anthony Lynn","Shane Steichen","Gus Bradley",7,9,0,4,4,0,3,5,0,0,0,0,5,7,3,3,0,2,0,0,1,2,0,1,2,0,0,0,"REG",FALSE,FALSE
"197",2021,"LAC","Brandon Staley","Joe Lombardi","Renaldo Hill",9,8,0,5,4,0,4,4,0,0,0,0,5,5,3,3,0,0,2,0,0,2,0,0,2,0,0,0,"REG",FALSE,FALSE
"198",2022,"LAC","Brandon Staley","Joe Lombardi","Renaldo Hill",10,7,0,5,3,0,5,4,0,0,0,0,7,5,2,4,0,1,1,0,1,1,0,1,0,0,0,1,"WC",TRUE,FALSE
"199",2023,"LAC","Giff Smith","Kellen Moore","Derrick Ansley",5,12,0,2,7,0,3,5,0,0,0,0,3,8,1,5,0,0,2,0,1,3,0,0,1,0,0,0,"REG",FALSE,FALSE
"200",2023,"LAC","Brandon Staley","Kellen Moore","Derrick Ansley",5,12,0,2,7,0,3,5,0,0,0,0,3,8,1,5,0,0,2,0,1,3,0,0,1,0,0,0,"REG",FALSE,FALSE
"201",2024,"LAC","Jim Harbaugh","Greg Roman","Jesse Minter",11,6,0,5,3,0,6,3,0,0,0,0,4,4,4,2,0,2,0,0,3,1,0,0,0,0,0,1,"WC",TRUE,FALSE
"202",2025,"LAC","Jim Harbaugh","Greg Roman","Jesse Minter",11,6,0,5,3,0,5,3,0,1,0,0,6,2,5,1,0,3,0,0,1,1,0,1,0,0,0,1,"WC",TRUE,FALSE
"203",2015,"LAR","Jeff Fisher","Rob Boras, Frank Cignetti","Gregg Williams",7,9,0,5,3,0,2,6,0,0,0,0,5,4,4,2,0,2,0,0,2,0,0,1,2,0,0,0,"REG",FALSE,FALSE
"204",2016,"LAR","John Fassel","Rob Boras","Gregg Williams",4,12,0,1,6,0,3,5,0,0,1,0,4,5,2,4,0,0,2,0,0,1,0,0,0,0,0,0,"REG",FALSE,FALSE
"205",2016,"LAR","Jeff Fisher","Rob Boras","Gregg Williams",4,12,0,1,6,0,3,5,0,0,1,0,4,5,2,4,0,0,2,0,0,1,0,0,0,0,0,0,"REG",FALSE,FALSE
"206",2017,"LAR","Sean McVay","Matt LaFleur","Wade Phillips",11,5,0,3,4,0,7,1,0,1,0,0,4,3,4,2,0,1,0,0,0,0,0,0,0,0,0,1,"WC",TRUE,FALSE
"207",2018,"LAR","Sean McVay","","Wade Phillips",13,3,0,7,1,0,6,2,0,0,0,0,6,1,6,0,0,2,0,0,1,0,0,0,0,0,2,1,"SB",TRUE,FALSE
"208",2019,"LAR","Sean McVay","","Wade Phillips",9,7,0,4,3,0,4,4,0,1,0,0,3,3,3,3,0,0,2,0,1,1,0,0,0,0,0,0,"REG",FALSE,FALSE
"209",2020,"LAR","Sean McVay","Kevin O'Connell","Brandon Staley",10,6,0,6,2,0,4,4,0,0,0,0,4,4,3,3,0,1,1,0,0,2,0,0,0,0,1,1,"DIV",TRUE,FALSE
"210",2021,"LAR","Sean McVay","Kevin O'Connell","Raheem Morris",12,5,0,5,3,0,7,2,0,0,0,0,4,2,3,3,0,1,1,0,0,0,0,0,1,0,4,0,"SB",TRUE,TRUE
"211",2022,"LAR","Sean McVay","Liam Coen","Raheem Morris",5,12,0,4,5,0,1,7,0,0,0,0,3,4,1,5,0,1,1,0,0,2,0,0,1,0,0,0,"REG",FALSE,FALSE
"212",2023,"LAR","Sean McVay","Mike LaFleur","Raheem Morris",10,7,0,5,3,0,5,4,0,0,0,0,6,4,5,1,0,2,0,0,1,3,0,1,1,0,0,1,"WC",TRUE,FALSE
"213",2024,"LAR","Sean McVay","Mike LaFleur","Chris Shula",10,7,0,5,4,0,5,3,0,0,0,0,8,5,4,2,0,3,0,0,1,2,0,1,1,0,1,1,"DIV",TRUE,FALSE
"214",2025,"LAR","Sean McVay","Mike LaFleur","Chris Shula",12,5,0,7,1,0,4,4,0,1,0,0,4,5,4,2,0,2,1,0,1,0,0,0,2,0,2,1,"CON",TRUE,FALSE
"215",2015,"LV","Jack Del Rio","Bill Musgrave","Ken Norton",7,9,0,3,5,0,4,4,0,0,0,0,6,5,3,3,0,1,1,0,1,0,0,1,0,0,0,0,"REG",FALSE,FALSE
"216",2016,"LV","Jack Del Rio","Bill Musgrave","Ken Norton",12,4,0,5,2,0,6,2,0,1,0,0,9,2,3,3,0,2,0,0,1,1,0,1,0,0,0,1,"WC",TRUE,FALSE
"217",2017,"LV","Jack Del Rio","Todd Downing","Ken Norton, John Pagano",6,10,0,4,3,0,2,6,0,0,1,0,4,3,2,4,0,0,2,0,2,0,0,0,0,0,0,0,"REG",FALSE,FALSE
"218",2018,"LV","Jon Gruden","Greg Olson","Paul Guenther",4,12,0,3,4,0,1,7,0,0,1,0,3,3,1,5,0,0,2,0,1,1,0,1,0,0,0,0,"REG",FALSE,FALSE
"219",2019,"LV","Jon Gruden","Greg Olson","Paul Guenther",7,9,0,4,3,0,2,6,0,1,0,0,7,3,3,3,0,1,1,0,0,1,0,0,0,0,0,0,"REG",FALSE,FALSE
"220",2020,"LV","Jon Gruden","Greg Olson","Paul Guenther, Rod Marinelli",8,8,0,2,6,0,6,2,0,0,0,0,5,4,4,2,0,0,2,0,0,1,0,0,1,0,0,0,"REG",FALSE,FALSE
"221",2021,"LV","Rich Bisaccia","Greg Olson","Gus Bradley",10,7,0,5,4,0,5,3,0,0,0,0,7,2,3,3,0,0,2,0,1,1,0,3,0,0,0,1,"WC",TRUE,FALSE
"222",2021,"LV","Jon Gruden","Greg Olson","Gus Bradley",10,7,0,5,4,0,5,3,0,0,0,0,7,2,3,3,0,0,2,0,1,1,0,3,0,0,0,1,"WC",TRUE,FALSE
"223",2022,"LV","Josh McDaniels","Mick Lombardi","Patrick Graham",6,11,0,4,4,0,2,7,0,0,0,0,4,9,3,3,0,1,0,0,1,1,0,2,2,0,0,0,"REG",FALSE,FALSE
"224",2023,"LV","Antonio Pierce","Bo Hardegree, Mick Lombardi","Patrick Graham",8,9,0,6,3,0,2,6,0,0,0,0,5,5,4,2,0,1,0,0,1,1,0,0,0,0,0,0,"REG",FALSE,FALSE
"225",2023,"LV","Josh McDaniels","Bo Hardegree, Mick Lombardi","Patrick Graham",8,9,0,6,3,0,2,6,0,0,0,0,5,5,4,2,0,1,0,0,1,1,0,0,0,0,0,0,"REG",FALSE,FALSE
"226",2024,"LV","Antonio Pierce","Luke Getsy, Scott Turner","Patrick Graham",4,13,0,2,6,0,2,7,0,0,0,0,3,4,0,6,0,0,2,0,1,1,0,0,0,0,0,0,"REG",FALSE,FALSE
"227",2025,"LV","Pete Carroll","Chip Kelly, Greg Olson","Patrick Graham",3,14,0,2,7,0,1,7,0,0,0,0,2,5,1,5,0,0,0,0,1,4,0,0,1,0,0,0,"REG",FALSE,FALSE
"228",2015,"MIA","Dan Campbell","Bill Lazor, Zac Taylor","Lou Anarumo, Kevin Coyle",6,10,0,3,4,0,3,5,0,0,1,0,3,3,1,5,0,1,0,0,0,1,0,0,0,0,0,0,"REG",FALSE,FALSE
"229",2015,"MIA","Joe Philbin","Bill Lazor, Zac Taylor","Lou Anarumo, Kevin Coyle",6,10,0,3,4,0,3,5,0,0,1,0,3,3,1,5,0,1,0,0,0,1,0,0,0,0,0,0,"REG",FALSE,FALSE
"230",2016,"MIA","Adam Gase","Clyde Christensen","Vance Joseph",10,6,0,6,2,0,4,4,0,0,0,0,8,2,4,2,0,1,1,0,0,0,0,2,0,0,0,1,"WC",TRUE,FALSE
"231",2017,"MIA","Adam Gase","Clyde Christensen","Matt Burke",6,10,0,4,3,0,2,6,0,0,1,0,5,3,2,4,0,1,1,0,1,0,0,0,0,0,0,0,"REG",FALSE,FALSE
"232",2018,"MIA","Adam Gase","Dowell Loggains","Matt Burke",7,9,0,6,2,0,1,7,0,0,0,0,7,1,4,2,0,1,1,0,1,1,0,1,0,0,0,0,"REG",FALSE,FALSE
"233",2019,"MIA","Brian Flores","Chad O'Shea","Patrick Graham",5,11,0,3,5,0,2,6,0,0,0,0,5,2,2,4,0,0,1,0,0,3,0,1,0,0,0,0,"REG",FALSE,FALSE
"234",2020,"MIA","Brian Flores","Chan Gailey","Josh Boyer",10,6,0,5,3,0,5,3,0,0,0,0,3,4,3,3,0,1,2,0,3,0,0,0,0,0,0,0,"REG",FALSE,FALSE
"235",2021,"MIA","Brian Flores","George Godsey, Eric Studesville","Josh Boyer",9,8,0,6,3,0,3,4,0,0,1,0,4,3,4,2,0,2,0,0,0,3,0,0,1,0,0,0,"REG",FALSE,FALSE
"236",2022,"MIA","Mike McDaniel","Frank Smith","Josh Boyer",9,8,0,6,2,0,3,6,0,0,0,0,6,5,3,3,0,1,2,0,1,0,0,0,0,0,0,1,"WC",TRUE,FALSE
"237",2023,"MIA","Mike McDaniel","Frank Smith","Vic Fangio",11,6,0,7,2,0,4,3,0,0,1,0,4,3,4,2,0,1,0,0,0,0,0,0,0,0,0,1,"WC",TRUE,FALSE
"238",2024,"MIA","Mike McDaniel","Frank Smith","Anthony Weaver",8,9,0,5,3,0,3,6,0,0,0,0,4,4,3,3,0,1,2,0,2,1,0,1,0,0,0,0,"REG",FALSE,FALSE
"239",2025,"MIA","Mike McDaniel","Frank Smith","Anthony Weaver",7,10,0,4,4,0,2,6,0,1,0,0,4,3,3,3,0,3,0,0,0,0,0,1,0,0,0,0,"REG",FALSE,FALSE
"240",2015,"MIN","Mike Zimmer","Norv Turner","George Edwards",11,5,0,6,2,0,5,3,0,0,0,0,4,2,5,1,0,2,0,0,1,0,0,1,0,0,0,1,"WC",TRUE,FALSE
"241",2016,"MIN","Mike Zimmer","Pat Shurmur, Norv Turner","George Edwards",8,8,0,5,3,0,3,5,0,0,0,0,2,4,2,4,0,1,1,0,0,2,0,0,1,0,0,0,"REG",FALSE,FALSE
"242",2017,"MIN","Mike Zimmer","Pat Shurmur","George Edwards",13,3,0,7,1,0,5,2,0,1,0,0,5,2,5,1,0,2,0,0,1,0,0,0,0,0,1,1,"CON",TRUE,FALSE
"243",2018,"MIN","Mike Zimmer","John DeFilippo","George Edwards",8,7,1,5,3,0,3,4,1,0,0,0,3,2,3,2,1,1,1,0,1,0,1,0,0,1,0,0,"REG",FALSE,FALSE
"244",2019,"MIN","Mike Zimmer","Kevin Stefanski","George Edwards",10,6,0,6,2,0,4,4,0,0,0,0,2,4,2,4,0,0,2,0,2,1,0,0,0,0,1,1,"DIV",TRUE,FALSE
"245",2020,"MIN","Mike Zimmer","Gary Kubiak","Andre Patterson, Adam Zimmer",7,9,0,3,5,0,4,4,0,0,0,0,6,4,4,2,0,1,0,0,0,2,0,1,0,0,0,0,"REG",FALSE,FALSE
"246",2021,"MIN","Mike Zimmer","Klint Kubiak","Andre Patterson, Adam Zimmer",8,9,0,5,3,0,3,6,0,0,0,0,6,8,4,2,0,1,0,0,0,2,0,1,2,0,0,0,"REG",FALSE,FALSE
"247",2022,"MIN","Kevin O'Connell","Wes Phillips","Ed Donatell",13,4,0,8,1,0,4,3,0,1,0,0,11,0,4,2,0,2,0,0,1,0,0,2,0,0,0,1,"WC",TRUE,FALSE
"248",2023,"MIN","Kevin O'Connell","Wes Phillips","Brian Flores",7,10,0,2,6,0,5,4,0,0,0,0,6,8,2,4,0,0,1,0,1,0,0,0,1,0,0,0,"REG",FALSE,FALSE
"249",2024,"MIN","Kevin O'Connell","Wes Phillips","Brian Flores",14,3,0,7,1,0,6,2,0,1,0,0,9,1,4,2,0,1,1,0,0,0,0,1,0,0,0,1,"WC",TRUE,FALSE
"250",2025,"MIN","Kevin O'Connell","Wes Phillips","Brian Flores",9,8,0,4,4,0,4,3,0,1,1,0,5,4,4,2,0,1,1,0,2,1,0,0,0,0,0,0,"REG",FALSE,FALSE
"251",2015,"NE","Bill Belichick","Josh McDaniels","Matt Patricia",12,4,0,7,1,0,5,3,0,0,0,0,6,3,4,2,0,2,0,0,3,1,0,0,2,0,1,1,"CON",TRUE,FALSE
"252",2016,"NE","Bill Belichick","Josh McDaniels","Matt Patricia",14,2,0,6,2,0,8,0,0,0,0,0,4,1,5,1,0,0,2,0,1,0,0,0,0,0,3,0,"SB",TRUE,TRUE
"253",2017,"NE","Bill Belichick","Josh McDaniels","Matt Patricia",13,3,0,6,2,0,6,1,0,1,0,0,5,2,5,1,0,3,0,0,2,0,0,0,0,0,2,1,"SB",TRUE,FALSE
"254",2018,"NE","Bill Belichick","Josh McDaniels","",11,5,0,8,0,0,3,5,0,0,0,0,3,2,5,1,0,1,0,0,0,0,0,0,0,0,3,0,"SB",TRUE,TRUE
"255",2019,"NE","Bill Belichick","Josh McDaniels","",12,4,0,6,2,0,6,2,0,0,0,0,4,3,5,1,0,1,0,0,1,2,0,0,0,0,0,1,"WC",TRUE,FALSE
"256",2020,"NE","Bill Belichick","Josh McDaniels","",7,9,0,5,3,0,2,6,0,0,0,0,3,4,3,3,0,0,1,0,1,1,0,0,0,0,0,0,"REG",FALSE,FALSE
"257",2021,"NE","Bill Belichick","Josh McDaniels","",10,7,0,4,5,0,6,2,0,0,0,0,3,3,3,3,0,1,0,0,3,0,0,0,1,0,0,1,"WC",TRUE,FALSE
"258",2022,"NE","Bill Belichick","","",8,9,0,4,4,0,4,5,0,0,0,0,4,4,3,3,0,0,0,0,1,2,0,0,1,0,0,0,"REG",FALSE,FALSE
"259",2023,"NE","Bill Belichick","Bill O'Brien","",4,13,0,1,7,0,3,5,0,0,1,0,4,8,2,4,0,0,2,0,0,1,0,0,0,0,0,0,"REG",FALSE,FALSE
"260",2024,"NE","Jerod Mayo","Alex Van Pelt","DeMarcus Covington",4,13,0,2,6,0,2,6,0,0,1,0,3,6,2,4,0,0,2,0,0,1,0,0,2,0,0,0,"REG",FALSE,FALSE
"261",2025,"NE","Mike Vrabel","Josh McDaniels","Terrell Williams",14,3,0,6,3,0,8,0,0,0,0,0,7,3,5,1,0,1,1,0,1,0,0,0,0,0,3,1,"SB",TRUE,FALSE
"262",2015,"NO","Sean Payton","Pete Carmichael","Dennis Allen, Rob Ryan",7,9,0,4,4,0,3,5,0,0,0,0,5,5,3,3,0,1,1,0,0,1,0,1,1,0,0,0,"REG",FALSE,FALSE
"263",2016,"NO","Sean Payton","Pete Carmichael","Dennis Allen",7,9,0,4,4,0,3,5,0,0,0,0,5,7,2,4,0,2,0,0,1,1,0,0,0,0,0,0,"REG",FALSE,FALSE
"264",2017,"NO","Sean Payton","Pete Carmichael","Dennis Allen",11,5,0,7,1,0,3,4,0,1,0,0,2,3,4,2,0,2,0,0,1,1,0,1,0,0,1,1,"DIV",TRUE,FALSE
"265",2018,"NO","Sean Payton","Pete Carmichael","Dennis Allen",13,3,0,6,2,0,7,1,0,0,0,0,5,2,4,2,0,2,0,0,2,0,0,1,0,0,1,1,"CON",TRUE,FALSE
"266",2019,"NO","Sean Payton","Pete Carmichael","Dennis Allen",13,3,0,6,2,0,7,1,0,0,0,0,7,1,5,1,0,0,1,0,1,0,0,0,0,0,0,1,"WC",TRUE,FALSE
"267",2020,"NO","Sean Payton","Pete Carmichael","Dennis Allen",12,4,0,6,2,0,6,2,0,0,0,0,5,3,6,0,0,2,0,0,2,0,0,2,0,0,1,1,"DIV",TRUE,FALSE
"268",2021,"NO","Sean Payton","Pete Carmichael","Dennis Allen",9,8,0,2,5,0,6,3,0,1,0,0,2,3,4,2,0,2,0,0,0,0,0,0,1,0,0,0,"REG",FALSE,FALSE
"269",2022,"NO","Dennis Allen","Pete Carmichael","Ryan Nielsen, Kris Richard",7,10,0,4,4,0,3,5,0,0,1,0,5,6,2,4,0,1,0,0,0,2,0,0,0,0,0,0,"REG",FALSE,FALSE
"270",2023,"NO","Dennis Allen","Pete Carmichael","Joe Woods",9,8,0,5,3,0,4,5,0,0,0,0,3,6,4,2,0,2,0,0,0,1,0,0,0,0,0,0,"REG",FALSE,FALSE
"271",2024,"NO","Darren Rizzi","Klint Kubiak","Joe Woods",5,12,0,3,6,0,2,6,0,0,0,0,2,6,2,4,0,0,2,0,2,2,0,0,0,0,0,0,"REG",FALSE,FALSE
"272",2024,"NO","Dennis Allen","Klint Kubiak","Joe Woods",5,12,0,3,6,0,2,6,0,0,0,0,2,6,2,4,0,0,2,0,2,2,0,0,0,0,0,0,"REG",FALSE,FALSE
"273",2025,"NO","Kellen Moore","Doug Nussmeier","Brandon Staley",6,11,0,3,5,0,3,6,0,0,0,0,3,5,3,3,0,0,1,0,1,3,0,0,0,0,0,0,"REG",FALSE,FALSE
"274",2015,"NYG","Tom Coughlin","Ben McAdoo","Steve Spagnuolo",6,10,0,3,5,0,3,5,0,0,0,0,3,8,2,4,0,1,1,0,1,0,0,0,1,0,0,0,"REG",FALSE,FALSE
"275",2016,"NYG","Ben McAdoo","Mike Sullivan","Steve Spagnuolo",11,5,0,7,1,0,3,4,0,1,0,0,8,3,4,2,0,2,0,0,2,2,0,0,0,0,0,1,"WC",TRUE,FALSE
"276",2017,"NYG","Steve Spagnuolo","Mike Sullivan","",3,13,0,2,6,0,1,7,0,0,0,0,2,5,1,5,0,0,1,0,2,2,0,1,0,0,0,0,"REG",FALSE,FALSE
"277",2017,"NYG","Ben McAdoo","Mike Sullivan","Steve Spagnuolo",3,13,0,2,6,0,1,7,0,0,0,0,2,5,1,5,0,0,1,0,2,2,0,1,0,0,0,0,"REG",FALSE,FALSE
"278",2018,"NYG","Pat Shurmur","Mike Shula","James Bettcher",5,11,0,2,6,0,3,5,0,0,0,0,4,8,1,5,0,1,1,0,1,2,0,1,0,0,0,0,"REG",FALSE,FALSE
"279",2019,"NYG","Pat Shurmur","Mike Shula","James Bettcher",4,12,0,2,6,0,2,6,0,0,0,0,2,5,2,4,0,0,2,0,1,1,0,1,1,0,0,0,"REG",FALSE,FALSE
"280",2020,"NYG","Joe Judge","Jason Garrett","Patrick Graham",6,10,0,3,5,0,3,5,0,0,0,0,5,5,4,2,0,1,1,0,2,0,0,0,0,0,0,0,"REG",FALSE,FALSE
"281",2021,"NYG","Joe Judge","Jason Garrett, Freddie Kitchens","Patrick Graham",4,13,0,3,5,0,1,8,0,0,0,0,3,3,1,5,0,0,2,0,1,1,0,1,0,0,0,0,"REG",FALSE,FALSE
"282",2022,"NYG","Brian Daboll","Mike Kafka","Don Martindale",9,7,1,5,3,1,3,4,0,1,0,0,8,4,1,4,1,2,0,1,1,0,0,0,0,1,1,1,"DIV",TRUE,FALSE
"283",2023,"NYG","Brian Daboll","Mike Kafka","Don Martindale",6,11,0,4,4,0,2,7,0,0,0,0,4,4,3,3,0,1,1,0,1,2,0,0,1,0,0,0,"REG",FALSE,FALSE
"284",2024,"NYG","Brian Daboll","Mike Kafka","Shane Bowen",3,14,0,1,8,0,2,5,0,0,1,0,1,8,0,6,0,1,1,0,0,1,0,0,1,0,0,0,"REG",FALSE,FALSE
"285",2025,"NYG","Mike Kafka","","Shane Bowen, Charlie Bullen",4,13,0,3,5,0,1,8,0,0,0,0,1,7,2,4,0,0,2,0,1,1,0,0,2,0,0,0,"REG",FALSE,FALSE
"286",2025,"NYG","Brian Daboll","Mike Kafka","Shane Bowen, Charlie Bullen",4,13,0,3,5,0,1,8,0,0,0,0,1,7,2,4,0,0,2,0,1,1,0,0,2,0,0,0,"REG",FALSE,FALSE
"287",2015,"NYJ","Todd Bowles","Chan Gailey","Kacy Rodgers",10,6,0,6,2,0,3,4,0,1,0,0,4,5,3,3,0,1,1,0,1,0,0,2,0,0,0,0,"REG",FALSE,FALSE
"288",2016,"NYJ","Todd Bowles","Chan Gailey","Kacy Rodgers",5,11,0,2,6,0,3,5,0,0,0,0,4,4,2,4,0,0,2,0,0,3,0,1,0,0,0,0,"REG",FALSE,FALSE
"289",2017,"NYJ","Todd Bowles","John Morton","Kacy Rodgers",5,11,0,4,4,0,1,7,0,0,0,0,3,6,2,4,0,0,1,0,0,2,0,1,0,0,0,0,"REG",FALSE,FALSE
"290",2018,"NYJ","Todd Bowles","Jeremy Bates","Kacy Rodgers",4,12,0,2,6,0,2,6,0,0,0,0,2,6,1,5,0,0,1,0,1,1,0,0,1,0,0,0,"REG",FALSE,FALSE
"291",2019,"NYJ","Adam Gase","Dowell Loggains","Gregg Williams",7,9,0,5,3,0,2,6,0,0,0,0,5,2,2,4,0,1,1,0,1,1,0,0,0,0,0,0,"REG",FALSE,FALSE
"292",2020,"NYJ","Adam Gase","Dowell Loggains","Frank Bush, Gregg Williams",2,14,0,1,7,0,1,7,0,0,0,0,2,4,0,6,0,0,2,0,1,0,0,0,0,0,0,0,"REG",FALSE,FALSE
"293",2021,"NYJ","Robert Saleh","Mike LaFleur","Jeff Ulbrich",4,13,0,3,6,0,1,6,0,0,1,0,4,5,0,6,0,0,2,0,0,3,0,1,0,0,0,0,"REG",FALSE,FALSE
"294",2022,"NYJ","Robert Saleh","Mike LaFleur","Jeff Ulbrich",7,10,0,3,5,0,4,5,0,0,0,0,4,6,2,4,0,0,1,0,2,2,0,0,0,0,0,0,"REG",FALSE,FALSE
"295",2023,"NYJ","Robert Saleh","Nathaniel Hackett","Jeff Ulbrich",7,10,0,4,5,0,3,5,0,0,0,0,4,4,2,4,0,2,1,0,0,0,0,2,0,0,0,0,"REG",FALSE,FALSE
"296",2024,"NYJ","Jeff Ulbrich","Nathaniel Hackett","",5,12,0,3,5,0,2,6,0,0,1,0,3,7,2,4,0,0,3,0,0,2,0,0,1,0,0,0,"REG",FALSE,FALSE
"297",2024,"NYJ","Robert Saleh","Nathaniel Hackett","Jeff Ulbrich",5,12,0,3,5,0,2,6,0,0,1,0,3,7,2,4,0,0,3,0,0,2,0,0,1,0,0,0,"REG",FALSE,FALSE
"298",2025,"NYJ","Aaron Glenn","Tanner Engstrand","Steve Wilks",3,14,0,2,6,0,1,7,0,0,1,0,3,5,0,6,0,0,1,0,1,1,0,0,0,0,0,0,"REG",FALSE,FALSE
"299",2015,"PHI","Pat Shurmur","","Bill Davis",7,9,0,3,5,0,4,4,0,0,0,0,5,3,3,3,0,2,0,0,0,2,0,1,0,0,0,0,"REG",FALSE,FALSE
"300",2015,"PHI","Chip Kelly","Pat Shurmur","Bill Davis",7,9,0,3,5,0,4,4,0,0,0,0,5,3,3,3,0,2,0,0,0,2,0,1,0,0,0,0,"REG",FALSE,FALSE
"301",2016,"PHI","Doug Pederson","Frank Reich","Jim Schwartz",7,9,0,6,2,0,1,7,0,0,0,0,1,6,2,4,0,1,1,0,2,2,0,0,1,0,0,0,"REG",FALSE,FALSE
"302",2017,"PHI","Doug Pederson","Frank Reich","Jim Schwartz",13,3,0,7,1,0,6,2,0,0,0,0,5,2,5,1,0,2,0,0,0,1,0,0,0,0,3,0,"SB",TRUE,TRUE
"303",2018,"PHI","Doug Pederson","Mike Groh","Jim Schwartz",9,7,0,5,3,0,3,4,0,1,0,0,6,6,4,2,0,0,3,0,1,2,0,0,2,0,1,1,"DIV",TRUE,FALSE
"304",2019,"PHI","Doug Pederson","Mike Groh","Jim Schwartz",9,7,0,5,3,0,4,4,0,0,0,0,5,5,5,1,0,0,0,0,1,1,0,1,0,0,0,1,"WC",TRUE,FALSE
"305",2020,"PHI","Doug Pederson","","Jim Schwartz",4,11,1,3,4,1,1,7,0,0,0,0,3,5,2,4,0,1,1,0,0,2,1,0,0,1,0,0,"REG",FALSE,FALSE
"306",2021,"PHI","Nick Sirianni","Shane Steichen","Jonathan Gannon",9,8,0,3,5,0,6,3,0,0,0,0,2,4,3,3,0,1,1,0,0,0,0,0,0,0,0,1,"WC",TRUE,FALSE
"307",2022,"PHI","Nick Sirianni","Shane Steichen","Jonathan Gannon",14,3,0,7,2,0,7,1,0,0,0,0,7,1,4,2,0,1,1,0,2,0,0,0,0,0,2,1,"SB",TRUE,FALSE
"308",2023,"PHI","Nick Sirianni","Brian Johnson","Sean Desai",11,6,0,6,2,0,5,4,0,0,0,0,8,3,4,2,0,1,0,0,0,2,0,2,0,0,0,1,"WC",TRUE,FALSE
"309",2024,"PHI","Nick Sirianni","Kellen Moore","Vic Fangio",14,3,0,7,1,0,6,2,0,1,0,0,8,2,5,1,0,2,1,0,0,0,0,0,0,0,4,0,"SB",TRUE,TRUE
"310",2025,"PHI","Nick Sirianni","Kevin Patullo","Vic Fangio",11,6,0,5,3,0,6,3,0,0,0,0,8,4,3,3,0,1,1,0,1,1,0,0,1,0,0,1,"WC",TRUE,FALSE
"311",2015,"PIT","Mike Tomlin","Todd Haley","Keith Butler",10,6,0,6,2,0,4,4,0,0,0,0,4,4,3,3,0,2,1,0,1,1,0,0,1,0,1,1,"DIV",TRUE,FALSE
"312",2016,"PIT","Mike Tomlin","Todd Haley","Keith Butler",11,5,0,6,2,0,5,3,0,0,0,0,5,2,5,1,0,1,0,0,1,0,0,1,0,0,2,1,"CON",TRUE,FALSE
"313",2017,"PIT","Mike Tomlin","Todd Haley","Keith Butler",13,3,0,6,2,0,7,1,0,0,0,0,8,2,6,0,0,2,0,0,2,0,0,0,1,0,0,1,"DIV",TRUE,FALSE
"314",2018,"PIT","Mike Tomlin","Randy Fichtner","Keith Butler",9,6,1,5,3,0,4,3,1,0,0,0,6,5,4,1,1,2,0,0,0,0,1,0,0,1,0,0,"REG",FALSE,FALSE
"315",2019,"PIT","Mike Tomlin","Randy Fichtner","Keith Butler",8,8,0,5,3,0,3,5,0,0,0,0,6,5,3,3,0,2,0,0,1,1,0,0,1,0,0,0,"REG",FALSE,FALSE
"316",2020,"PIT","Mike Tomlin","Randy Fichtner","Keith Butler",12,4,0,7,1,0,5,3,0,0,0,0,7,2,4,2,0,1,0,0,2,1,0,0,0,0,0,1,"WC",TRUE,FALSE
"317",2021,"PIT","Mike Tomlin","Matt Canada","Keith Butler",9,7,1,6,2,1,3,5,0,0,0,0,8,2,4,2,0,2,0,0,1,1,1,2,0,1,0,1,"WC",TRUE,FALSE
"318",2022,"PIT","Mike Tomlin","Matt Canada","Teryl Austin",9,8,0,4,4,0,5,4,0,0,0,0,7,5,3,3,0,1,1,0,0,2,0,1,0,0,0,0,"REG",FALSE,FALSE
"319",2023,"PIT","Mike Tomlin","Matt Canada, Eddie Faulkner","Teryl Austin",10,7,0,5,4,0,5,3,0,0,0,0,9,2,5,1,0,2,1,0,1,1,0,0,0,0,0,1,"WC",TRUE,FALSE
"320",2024,"PIT","Mike Tomlin","Arthur Smith","Teryl Austin",10,7,0,5,3,0,5,4,0,0,0,0,6,4,3,3,0,1,1,0,2,1,0,0,0,0,0,1,"WC",TRUE,FALSE
"321",2025,"PIT","Mike Tomlin","Arthur Smith","Teryl Austin",10,7,0,5,3,0,4,4,0,1,0,0,7,3,4,2,0,1,1,0,2,1,0,0,0,0,0,1,"WC",TRUE,FALSE
"322",2015,"SEA","Pete Carroll","Darrell Bevell","Kris Richard",10,6,0,5,3,0,5,3,0,0,0,0,2,5,3,3,0,1,0,0,2,2,0,0,2,0,1,1,"DIV",TRUE,FALSE
"323",2016,"SEA","Pete Carroll","Darrell Bevell","Kris Richard",10,5,1,7,1,0,3,4,1,0,0,0,5,3,3,2,1,1,1,0,1,0,1,0,0,1,1,1,"DIV",TRUE,FALSE
"324",2017,"SEA","Pete Carroll","Darrell Bevell","Kris Richard",9,7,0,4,4,0,5,3,0,0,0,0,4,6,4,2,0,1,1,0,2,0,0,0,0,0,0,0,"REG",FALSE,FALSE
"325",2018,"SEA","Pete Carroll","Brian Schottenheimer","Ken Norton",10,6,0,6,2,0,3,4,0,1,0,0,5,6,3,3,0,2,0,0,1,2,0,0,1,0,0,1,"WC",TRUE,FALSE
"326",2019,"SEA","Pete Carroll","Brian Schottenheimer","Ken Norton",11,5,0,4,4,0,7,1,0,0,0,0,10,2,3,3,0,2,0,0,2,0,0,2,0,0,1,1,"DIV",TRUE,FALSE
"327",2020,"SEA","Pete Carroll","Brian Schottenheimer","Ken Norton",12,4,0,7,1,0,4,3,0,1,0,0,8,3,4,2,0,1,1,0,1,1,0,0,1,0,0,1,"WC",TRUE,FALSE
"328",2021,"SEA","Pete Carroll","Shane Waldron","Ken Norton",7,10,0,3,5,0,4,5,0,0,0,0,3,5,3,3,0,0,2,0,1,1,0,0,2,0,0,0,"REG",FALSE,FALSE
"329",2022,"SEA","Pete Carroll","Shane Waldron","Clint Hurtt",9,8,0,5,4,0,4,3,0,0,1,0,4,6,4,2,0,0,2,0,1,1,0,1,1,0,0,1,"WC",TRUE,FALSE
"330",2023,"SEA","Pete Carroll","Shane Waldron","Clint Hurtt",9,8,0,5,3,0,4,5,0,0,0,0,6,4,2,4,0,0,2,0,2,1,0,1,0,0,0,0,"REG",FALSE,FALSE
"331",2024,"SEA","Mike Macdonald","Ryan Grubb","Aden Durde",10,7,0,3,6,0,7,1,0,0,0,0,6,2,4,2,0,3,0,0,3,3,0,1,1,0,0,0,"REG",FALSE,FALSE
"332",2025,"SEA","Mike Macdonald","Klint Kubiak","Aden Durde",14,3,0,6,2,0,8,1,0,0,0,0,6,3,4,2,0,2,1,0,1,0,0,1,0,0,3,0,"SB",TRUE,TRUE
"333",2015,"SF","Jim Tomsula","Geep Chryst","Eric Mangini",5,11,0,4,4,0,1,7,0,0,0,0,4,2,1,5,0,0,2,0,1,1,0,2,0,0,0,0,"REG",FALSE,FALSE
"334",2016,"SF","Chip Kelly","Curtis Modkins","Jim O'Neil",2,14,0,1,7,0,1,7,0,0,0,0,1,5,2,4,0,0,2,0,1,3,0,0,1,0,0,0,"REG",FALSE,FALSE
"335",2017,"SF","Kyle Shanahan","","Robert Saleh",6,10,0,3,5,0,3,5,0,0,0,0,2,5,1,5,0,0,2,0,0,3,0,0,2,0,0,0,"REG",FALSE,FALSE
"336",2018,"SF","Kyle Shanahan","","Robert Saleh",4,12,0,4,4,0,0,8,0,0,0,0,3,6,1,5,0,0,1,0,0,2,0,1,0,0,0,0,"REG",FALSE,FALSE
"337",2019,"SF","Kyle Shanahan","","Robert Saleh",13,3,0,6,2,0,7,1,0,0,0,0,5,3,5,1,0,1,1,0,4,0,0,0,1,0,2,1,"SB",TRUE,FALSE
"338",2020,"SF","Kyle Shanahan","","Robert Saleh",6,10,0,1,4,0,5,3,0,0,3,0,3,5,3,3,0,1,1,0,0,0,0,0,0,0,0,0,"REG",FALSE,FALSE
"339",2021,"SF","Kyle Shanahan","Mike McDaniel","DeMeco Ryans",10,7,0,4,4,0,6,3,0,0,0,0,5,5,2,4,0,1,1,0,0,1,0,2,0,0,2,1,"CON",TRUE,FALSE
"340",2022,"SF","Kyle Shanahan","","DeMeco Ryans",13,4,0,8,1,0,4,3,0,1,0,0,3,1,6,0,0,2,0,0,1,0,0,1,0,0,2,1,"CON",TRUE,FALSE
"341",2023,"SF","Kyle Shanahan","","Steve Wilks",12,5,0,5,3,0,7,2,0,0,0,0,1,3,5,1,0,2,0,0,2,2,0,0,0,0,2,1,"SB",TRUE,FALSE
"342",2024,"SF","Kyle Shanahan","","Nick Sorensen",6,11,0,4,5,0,2,6,0,0,0,0,2,6,1,5,0,1,1,0,3,4,0,0,0,0,0,0,"REG",FALSE,FALSE
"343",2025,"SF","Kyle Shanahan","Klay Kubiak","Robert Saleh",12,5,0,5,3,0,7,2,0,0,0,0,5,1,4,2,0,1,1,0,1,0,0,1,0,0,1,1,"DIV",TRUE,FALSE
"344",2015,"TB","Lovie Smith","Dirk Koetter","Leslie Frazier",6,10,0,3,5,0,3,5,0,0,0,0,5,4,3,3,0,0,2,0,0,0,0,1,0,0,0,0,"REG",FALSE,FALSE
"345",2016,"TB","Dirk Koetter","Todd Monken","Mike Smith",9,7,0,4,4,0,5,3,0,0,0,0,6,4,4,2,0,1,0,0,1,0,0,0,1,0,0,0,"REG",FALSE,FALSE
"346",2017,"TB","Dirk Koetter","Todd Monken","Mike Smith",5,11,0,4,4,0,1,7,0,0,0,0,3,7,1,5,0,1,1,0,1,2,0,0,1,0,0,0,"REG",FALSE,FALSE
"347",2018,"TB","Dirk Koetter","Todd Monken","Mark Duffner, Mike Smith",5,11,0,4,4,0,1,7,0,0,0,0,4,7,2,4,0,0,1,0,2,1,0,1,0,0,0,0,"REG",FALSE,FALSE
"348",2019,"TB","Bruce Arians","Byron Leftwich","Todd Bowles",7,9,0,2,5,0,5,3,0,0,1,0,3,6,2,4,0,0,2,0,1,0,0,0,2,0,0,0,"REG",FALSE,FALSE
"349",2020,"TB","Bruce Arians","Byron Leftwich","Todd Bowles",11,5,0,5,3,0,6,2,0,0,0,0,3,3,4,2,0,1,0,0,3,0,0,0,0,0,4,0,"SB",TRUE,TRUE
"350",2021,"TB","Bruce Arians","Byron Leftwich","Todd Bowles",13,4,0,7,1,0,6,3,0,0,0,0,6,0,4,2,0,2,0,0,1,0,0,1,0,0,1,1,"DIV",TRUE,FALSE
"351",2022,"TB","Todd Bowles","Byron Leftwich","Larry Foote, Kacy Rodgers",8,9,0,4,4,0,3,5,0,1,0,0,6,4,4,2,0,1,1,0,0,0,0,1,1,0,0,1,"WC",TRUE,FALSE
"352",2023,"TB","Todd Bowles","Dave Canales","Larry Foote, Kacy Rodgers",9,8,0,4,4,0,5,4,0,0,0,0,3,4,4,2,0,0,2,0,1,3,0,0,0,0,1,1,"DIV",TRUE,FALSE
"353",2024,"TB","Todd Bowles","Liam Coen","Larry Foote, Kacy Rodgers",10,7,0,5,4,0,5,3,0,0,0,0,3,5,4,2,0,1,0,0,1,1,0,1,2,0,0,1,"WC",TRUE,FALSE
"354",2025,"TB","Todd Bowles","Josh Grizzard","",8,9,0,4,4,0,4,5,0,0,0,0,6,6,3,3,0,0,2,0,2,0,0,0,0,0,0,0,"REG",FALSE,FALSE
"355",2015,"TEN","Mike Mularkey","Jason Michael","Ray Horton",3,13,0,1,7,0,2,6,0,0,0,0,2,6,1,5,0,0,2,0,0,2,0,1,0,0,0,0,"REG",FALSE,FALSE
"356",2015,"TEN","Ken Whisenhunt","Jason Michael","Ray Horton",3,13,0,1,7,0,2,6,0,0,0,0,2,6,1,5,0,0,2,0,0,2,0,1,0,0,0,0,"REG",FALSE,FALSE
"357",2016,"TEN","Mike Mularkey","Terry Robiskie","Dick LeBeau",9,7,0,5,3,0,4,4,0,0,0,0,6,5,2,4,0,1,1,0,2,2,0,0,0,0,0,0,"REG",FALSE,FALSE
"358",2017,"TEN","Mike Mularkey","Terry Robiskie","Dick LeBeau",9,7,0,6,2,0,3,5,0,0,0,0,6,4,5,1,0,1,0,0,1,0,0,1,0,0,1,1,"DIV",TRUE,FALSE
"359",2018,"TEN","Mike Vrabel","Matt LaFleur","Dean Pees",9,7,0,6,2,0,3,4,0,0,1,0,4,3,3,3,0,1,0,0,0,0,0,1,0,0,0,0,"REG",FALSE,FALSE
"360",2019,"TEN","Mike Vrabel","Arthur Smith","Dean Pees",9,7,0,4,4,0,5,3,0,0,0,0,3,3,3,3,0,2,0,0,2,0,0,0,0,0,2,1,"CON",TRUE,FALSE
"361",2020,"TEN","Mike Vrabel","Arthur Smith","",11,5,0,5,3,0,6,2,0,0,0,0,7,2,5,1,0,2,0,0,1,0,0,2,0,0,0,1,"WC",TRUE,FALSE
"362",2021,"TEN","Mike Vrabel","Todd Downing","Shane Bowen",12,5,0,7,2,0,5,3,0,0,0,0,6,2,5,1,0,2,0,0,1,3,0,2,1,0,0,1,"DIV",TRUE,FALSE
"363",2022,"TEN","Mike Vrabel","Todd Downing","Shane Bowen",7,10,0,3,5,0,4,5,0,0,0,0,5,6,3,3,0,1,2,0,1,2,0,0,1,0,0,0,"REG",FALSE,FALSE
"364",2023,"TEN","Mike Vrabel","Tim Kelly","Shane Bowen",6,11,0,5,3,0,1,7,0,0,1,0,5,7,1,5,0,1,1,0,0,0,0,1,2,0,0,0,"REG",FALSE,FALSE
"365",2024,"TEN","Brian Callahan","Nick Holz","Dennard Wilson",3,14,0,1,7,0,2,7,0,0,0,0,2,6,1,5,0,0,1,0,0,1,0,1,0,0,0,0,"REG",FALSE,FALSE
"366",2025,"TEN","Mike McCoy","Nick Holz","Dennard Wilson",3,14,0,1,8,0,2,6,0,0,0,0,2,5,0,6,0,0,1,0,1,2,0,0,0,0,0,0,"REG",FALSE,FALSE
"367",2025,"TEN","Brian Callahan","Nick Holz","Dennard Wilson",3,14,0,1,8,0,2,6,0,0,0,0,2,5,0,6,0,0,1,0,1,2,0,0,0,0,0,0,"REG",FALSE,FALSE
"368",2015,"WSH","Jay Gruden","Sean McVay","Joe Barry",9,7,0,6,2,0,3,5,0,0,0,0,4,3,4,2,0,1,1,0,2,2,0,0,1,0,0,1,"WC",TRUE,FALSE
"369",2016,"WSH","Jay Gruden","Sean McVay","Joe Barry",8,7,1,4,4,0,4,3,0,0,0,1,5,4,3,3,0,1,1,0,0,1,1,0,0,1,0,0,"REG",FALSE,FALSE
"370",2017,"WSH","Jay Gruden","Matt Cavanaugh","Greg Manusky",7,9,0,5,3,0,2,6,0,0,0,0,4,3,1,5,0,1,1,0,1,2,0,0,1,0,0,0,"REG",FALSE,FALSE
"371",2018,"WSH","Jay Gruden","Matt Cavanaugh","Greg Manusky",7,9,0,3,5,0,4,4,0,0,0,0,4,2,2,4,0,0,2,0,1,2,0,0,0,0,0,0,"REG",FALSE,FALSE
"372",2019,"WSH","Bill Callahan","Kevin O'Connell","Greg Manusky",3,13,0,1,7,0,2,6,0,0,0,0,3,3,0,6,0,0,2,0,1,0,0,0,1,0,0,0,"REG",FALSE,FALSE
"373",2019,"WSH","Jay Gruden","Kevin O'Connell","Greg Manusky",3,13,0,1,7,0,2,6,0,0,0,0,3,3,0,6,0,0,2,0,1,0,0,0,1,0,0,0,"REG",FALSE,FALSE
"374",2020,"WSH","Ron Rivera","Scott Turner","Jack Del Rio",7,9,0,3,5,0,3,4,0,1,0,0,3,5,4,2,0,1,1,0,0,1,0,0,0,0,0,1,"WC",TRUE,FALSE
"375",2021,"WSH","Ron Rivera","Scott Turner","Jack Del Rio",7,10,0,3,5,0,4,5,0,0,0,0,5,4,2,4,0,0,1,0,1,3,0,0,0,0,0,0,"REG",FALSE,FALSE
"376",2022,"WSH","Ron Rivera","Scott Turner","Jack Del Rio",8,8,1,4,5,0,4,3,1,0,0,0,5,3,2,3,1,1,1,0,2,1,1,0,0,1,0,0,"REG",FALSE,FALSE
"377",2023,"WSH","Ron Rivera","Eric Bieniemy","Jack Del Rio",4,13,0,1,7,0,3,6,0,0,0,0,4,6,0,6,0,1,1,0,0,0,0,0,1,0,0,0,"REG",FALSE,FALSE
"378",2024,"WSH","Dan Quinn","Kliff Kingsbury","Joe Whitt",12,5,0,7,2,0,5,3,0,0,0,0,8,4,4,2,0,1,1,0,1,1,0,1,0,0,2,1,"CON",TRUE,FALSE
"379",2025,"WSH","Dan Quinn","Kliff Kingsbury","Joe Whitt",5,12,0,2,6,0,3,5,0,0,1,0,2,5,3,3,0,2,0,0,1,2,0,0,2,0,0,0,"REG",FALSE,FALSE
