"","rank","coach_name","seasons","n_teams","teams","total_score"
"1",1,"Andy Reid",9,1,"KC",59.9653836771621
"2",2,"Sean Payton",8,2,"DEN, NO",48.6028500614721
"3",3,"Sean McDermott",9,1,"BUF",53.6828732157569
"4",4,"Jim Harbaugh",2,1,"LAC",11.78830209426
"5",5,"Sean McVay",9,1,"LAR",49.5185228135811
"6",6,"Bruce Arians",4,2,"ARI, TB",21.7662343527921
"7",7,"Dan Campbell",5,1,"DET",27.1759632696269
"8",8,"John Harbaugh",9,1,"BAL",47.78926327667
"9",9,"Mike Tomlin",9,1,"PIT",47.2112215686872
"10",10,"Rich Bisaccia",1,1,"LV",5.21726907779399
"11",11,"Joe Philbin",1,1,"GB",5.09397944141029
"12",12,"Jim Caldwell",1,1,"DET",5.03585372408448
"13",13,"Mike Mularkey",1,1,"TEN",5.01975752226399
"14",14,"Mike McCarthy",7,2,"DAL, GB",34.5521398736554
"15",15,"Matt LaFleur",9,3,"GB, LAR, TEN",43.9862611031702
"16",16,"Kyle Shanahan",9,1,"SF",43.5096367630531
"17",17,"DeMeco Ryans",5,2,"HOU, SF",24.008662520399
"18",18,"Bill Belichick",7,1,"NE",33.3228505610654
"19",19,"Nick Sirianni",8,2,"IND, PHI",37.5074768738914
"20",20,"Doug Pederson",7,2,"JAX, PHI",32.1524233006646
"21",21,"Mike Macdonald",4,2,"BAL, SEA",18.1011557557375
"22",22,"Pete Carroll",8,2,"LV, SEA",35.558999306143
"23",23,"Mike Vrabel",8,3,"HOU, NE, TEN",35.1455074656003
"24",24,"Mike McDaniel",5,2,"MIA, SF",21.436849254053
"25",25,"Mike Zimmer",6,2,"DAL, MIN",25.4774001045795
"26",26,"Bo Hardegree",1,1,"LV",4.20999476038004
"27",27,"Jon Gruden",4,1,"LV",16.6061356327115
"28",28,"Ben Johnson",4,2,"CHI, DET",16.2157543182133
"29",29,"Dan Quinn",9,3,"ATL, DAL, WSH",35.3301846377688
"30",30,"Kevin O'Connell",7,3,"LAR, MIN, WSH",27.2055301722538
"31",31,"Terrell Williams",1,1,"NE",3.87608596169292
"32",32,"Todd Bowles",9,2,"NYJ, TB",34.3557272681508
"33",33,"Zac Taylor",7,1,"CIN",26.5620257189494
"34",34,"Bobby Babich",2,1,"BUF",7.44740306759833
"35",35,"Matt Nagy",8,2,"CHI, KC",29.1929918321791
"36",36,"Jason Garrett",5,2,"DAL, NYG",18.2075660963254
"37",37,"Mike Pettine",3,1,"GB",10.6858888282991
"38",38,"Liam Coen",3,3,"JAX, LAR, TB",10.544357174983
"39",39,"Dave Canales",3,2,"CAR, TB",10.4804796155118
"40",40,"Frank Reich",7,3,"CAR, IND, PHI",24.3156980444036
"41",41,"Kevin Stefanski",7,2,"CLE, MIN",24.2486951796285
"42",42,"Nick Caley",1,1,"HOU",3.399946014479
"43",43,"Todd Haley",2,2,"CLE, PIT",6.79470140766776
"44",44,"Raheem Morris",6,2,"ATL, LAR",19.5909393849943
"45",45,"Ron Rivera",7,2,"CAR, WSH",22.8201494565036
"46",46,"Brian Flores",6,2,"MIA, MIN",19.3988596822847
"47",47,"Brian Schottenheimer",6,2,"DAL, SEA",19.1635482203392
"48",48,"Antonio Pierce",2,1,"LV",6.37129595909841
"49",49,"Anthony Campanile",1,1,"JAX",3.1851393027385
"50",50,"Grant Udinski",1,1,"JAX",3.1851393027385
"51",51,"Eric Bieniemy",6,2,"KC, WSH",18.8219040145103
"52",52,"Steve Spagnuolo",8,2,"KC, NYG",25.0489247497667
"53",53,"Anthony Lynn",5,2,"DET, LAC",15.5994423573833
"54",54,"Josh McDaniels",8,2,"LV, NE",24.7641443944992
"55",55,"Bob Sutton",2,1,"KC",6.1823322549977
"56",56,"Brandon Staley",5,3,"LAC, LAR, NO",15.4485114192429
"57",57,"Bill O'Brien",5,2,"HOU, NE",15.3267862472167
"58",58,"Aden Durde",2,1,"SEA",6.09603885411673
"59",59,"Kliff Kingsbury",6,2,"ARI, WSH",18.193936134855
"60",60,"Wade Phillips",3,1,"LAR",9.02262176077516
"61",61,"Dennis Allen",9,2,"CHI, NO",26.9487212379637
"62",62,"Chris Beatty",1,1,"CHI",2.9856339996153
"63",63,"Declan Doyle",1,1,"CHI",2.9778053408226
"64",64,"Shane Steichen",7,3,"IND, LAC, PHI",20.668229697311
"65",65,"Jesse Minter",2,1,"LAC",5.89415104712999
"66",66,"Scott Linehan",2,1,"DAL",5.89361512539573
"67",67,"Thomas Brown",2,2,"CAR, CHI",5.84899348692128
"68",68,"Greg Roman",6,2,"BAL, LAC",17.3972617919666
"69",69,"Chris Shula",2,1,"LAR",5.7256685749854
"70",70,"Klay Kubiak",1,1,"SF",2.84734737689106
"71",71,"Brian Johnson",1,1,"PHI",2.8400624196775
"72",72,"George Edwards",3,1,"MIN",8.39641282899238
"73",73,"Arthur Smith",7,3,"ATL, PIT, TEN",19.5499297761771
"74",74,"Pete Carmichael",7,1,"NO",19.4827590423148
"75",75,"Doug Marrone",4,1,"JAX",11.1286001223819
"76",76,"Keith Butler",5,1,"PIT",13.8888778056856
"77",77,"Mick Lombardi",2,1,"LV",5.55454319423683
"78",78,"Larry Foote",3,1,"TB",8.24118045892514
"79",79,"Jonathan Gannon",5,2,"ARI, PHI",13.7157258920707
"80",80,"Leslie Frazier",6,1,"BUF",16.3300576690559
"81",81,"Cory Undlin",1,1,"DET",2.69956655121868
"82",82,"Kellen Moore",7,4,"DAL, LAC, NO, PHI",18.8428128601069
"83",83,"Ryan Grubb",1,1,"SEA",2.67396205420973
"84",84,"Bobby Slowik",2,1,"HOU",5.34373600528589
"85",85,"Vic Fangio",8,4,"CHI, DEN, MIA, PHI",21.283831726326
"86",86,"Matt Rhule",3,1,"CAR",7.96180374059389
"87",87,"Chan Gailey",1,1,"MIA",2.64172611431327
"88",88,"Mark Helfrich",2,1,"CHI",5.21950825882955
"89",89,"Brian Daboll",8,2,"BUF, NYG",20.7758644176865
"90",90,"Rod Marinelli",4,2,"DAL, LV",10.3753374464897
"91",91,"Mike Groh",2,1,"PHI",5.17197009524794
"92",92,"Randy Fichtner",3,1,"PIT",7.6917066674344
"93",93,"Romeo Crennel",3,1,"HOU",7.67333159087208
"94",94,"Marvin Lewis",2,1,"CIN",5.11333000592361
"95",95,"Joe Judge",2,1,"NYG",5.07219159097487
"96",96,"Joe Brady",5,2,"BUF, CAR",12.6744254460368
"97",97,"Josh Boyer",3,1,"MIA",7.59237054592482
"98",98,"Dirk Koetter",4,2,"ATL, TB",10.1224315026551
"99",99,"Joe Lombardi",5,2,"DEN, LAC",12.5640647269923
"100",100,"Dick LeBeau",1,1,"TEN",2.509878761132
"101",101,"Terry Robiskie",1,1,"TEN",2.509878761132
"102",102,"Jeff Hafley",2,1,"GB",4.99490992749864
"103",103,"Don Martindale",6,2,"BAL, NYG",14.9434635964155
"104",104,"Matt Canada",3,1,"PIT",7.41570413020327
"105",105,"Byron Leftwich",5,2,"ARI, TB",12.3299617289172
"106",106,"Wes Phillips",4,1,"MIN",9.85718205714858
"107",107,"Ken Norton",5,2,"LV, SEA",12.1811094705734
"108",108,"Matt Patricia",4,2,"DET, NE",9.71048750446521
"109",109,"Kevin Patullo",1,1,"PHI",2.42393133350471
"110",110,"Ken Dorsey",3,2,"BUF, CLE",7.26693940549981
"111",111,"Mike Caldwell",2,1,"JAX",4.83442421918576
"112",112,"Rick Dennison",1,1,"BUF",2.4112202607475
"113",113,"Eddie Faulkner",1,1,"PIT",2.40713023027749
"114",114,"Aaron Glenn",5,2,"DET, NYJ",12.0294257002576
"115",115,"Renaldo Hill",2,1,"LAC",4.80709671851812
"116",116,"Freddie Kitchens",3,2,"CLE, NYG",7.20340831961529
"117",117,"Klayton Adams",1,1,"DAL",2.40099737055895
"118",118,"Adam Gase",4,2,"MIA, NYJ",9.54142017676033
"119",119,"Matt Burke",5,2,"HOU, MIA",11.9194186012697
"120",120,"Nathaniel Hackett",8,4,"DEN, GB, JAX, NYJ",18.9636532256262
"121",121,"Vance Joseph",9,2,"ARI, DEN",21.1853261072432
"122",122,"Kelvin Sheppard",1,1,"DET",2.34941131088869
"123",123,"Joe Barry",3,1,"GB",7.00633585566742
"124",124,"Marty Mornhinweg",2,1,"BAL",4.6646535555413
"125",125,"Frank Smith",4,1,"MIA",9.20939449725356
"126",126,"Matt Eberflus",8,3,"CHI, DAL, IND",18.3714235143058
"127",127,"Klint Kubiak",3,3,"MIN, NO, SEA",6.84620046667833
"128",128,"Greg Olson",5,1,"LV",11.3986785734205
"129",129,"Marquand Manuel",2,1,"ATL",4.55788330697568
"130",130,"Steve Sarkisian",2,1,"ATL",4.55788330697568
"131",131,"Zach Orr",2,1,"BAL",4.53822607798318
"132",132,"Gus Bradley",8,3,"IND, LAC, LV",18.076053449952
"133",133,"Steve Wilks",6,5,"ARI, CAR, CLE, NYJ, SF",13.43189936221
"134",134,"Ben McAdoo",2,2,"CAR, NYG",4.46808750362093
"135",135,"Joe Whitt",2,1,"WSH",4.44561070004047
"136",136,"Teryl Austin",6,3,"CIN, DET, PIT",13.3241207930171
"137",137,"Shane Waldron",4,2,"CHI, SEA",8.84760808045744
"138",138,"Adam Stenavich",4,1,"GB",8.83529166690625
"139",139,"Jim Schwartz",7,2,"CLE, PHI",15.3497680254396
"140",140,"Derrick Ansley",1,1,"LAC",2.18240311554898
"141",141,"Giff Smith",1,1,"LAC",2.18240311554898
"142",142,"Eric Studesville",1,1,"MIA",2.18151735678129
"143",143,"George Godsey",1,1,"MIA",2.18151735678129
"144",144,"Darrell Bevell",4,3,"DET, JAX, SEA",8.68378411019778
"145",145,"John Fox",1,1,"CHI",2.15991153153938
"146",146,"Clint Hurtt",2,1,"SEA",4.3085402927715
"147",147,"Sean Desai",2,2,"CHI, PHI",4.29688432800779
"148",148,"Kacy Rodgers",5,2,"NYJ, TB",10.7128800637004
"149",149,"Robert Saleh",9,2,"NYJ, SF",19.2777544016732
"150",150,"Jerry Rosburg",1,1,"DEN",2.14130637056445
"151",151,"Justin Outten",1,1,"DEN",2.14130637056445
"152",152,"Mike LaFleur",5,2,"LAR, NYJ",10.6306633780644
"153",153,"Al Holcomb",2,2,"ARI, CAR",4.24886414314043
"154",154,"Zac Robinson",2,1,"ATL",4.15845393282742
"155",155,"Hue Jackson",2,1,"CLE",4.1379521678608
"156",156,"Todd Monken",6,3,"BAL, CLE, TB",12.0687096119177
"157",157,"Press Taylor",3,1,"JAX",5.93900513486243
"158",158,"Lou Anarumo",7,2,"CIN, IND",13.8490614795139
"159",159,"Jay Gruden",4,2,"JAX, WSH",7.88396784791846
"160",160,"Ken Whisenhunt",3,1,"LAC",5.89085080948249
"161",161,"Dean Pees",5,3,"ATL, BAL, TEN",9.81549086256585
"162",162,"Todd Downing",3,2,"LV, TEN",5.85623988781598
"163",163,"Jimmy Lake",1,1,"ATL",1.94624834935821
"164",164,"John Morton",2,2,"DET, NYJ",3.8660484477826
"165",165,"Phil Snow",3,1,"CAR",5.79875723337964
"166",166,"Eric Washington",3,2,"CAR, CHI",5.77587119761155
"167",167,"Anthony Weaver",3,2,"HOU, MIA",5.77333743039525
"168",168,"Pat Shurmur",5,3,"DEN, MIN, NYG",9.61664853354766
"169",169,"Jim Bob Cooter",5,2,"DET, IND",9.52180886200441
"170",170,"Alex Van Pelt",5,2,"CLE, NE",9.41399687307365
"171",171,"Chuck Pagano",3,2,"CHI, IND",5.64430268639129
"172",172,"John DeFilippo",2,2,"JAX, MIN",3.74708159332535
"173",173,"Dom Capers",1,1,"GB",1.86409330843248
"174",174,"Edgar Bennett",1,1,"GB",1.86409330843248
"175",175,"Brad Idzik",2,1,"CAR",3.71331595012954
"176",176,"Ejiro Evero",4,2,"CAR, DEN",7.22516480819232
"177",177,"Josh Grizzard",1,1,"TB",1.80543403968319
"178",178,"Charlie Bullen",1,1,"NYG",1.80491843644307
"179",179,"Paul Guenther",4,2,"CIN, LV",7.16163732810369
"180",180,"Rich Scangarello",1,1,"DEN",1.78477314222449
"181",181,"Tim Kelly",4,2,"HOU, TEN",7.09842678033099
"182",182,"Brian Callahan",7,2,"CIN, TEN",12.4016771485315
"183",183,"Adam Zimmer",2,1,"MIN",3.54316353710476
"184",184,"Andre Patterson",2,1,"MIN",3.54316353710476
"185",185,"Jack Del Rio",5,2,"LV, WSH",8.84002486856792
"186",186,"Jeff Ulbrich",6,2,"ATL, NYJ",10.4379396521631
"187",187,"Mike Kafka",4,1,"NYG",6.94689009358346
"188",188,"Gregg Williams",4,2,"CLE, NYJ",6.92350541389891
"189",189,"Dan Pitcher",2,1,"CIN",3.46167795359731
"190",190,"David Culley",1,1,"HOU",1.72791529641078
"191",191,"Joe Woods",7,3,"CLE, DEN, NO",12.0613921852041
"192",192,"Mike Shula",3,2,"CAR, NYG",5.14795975552253
"193",193,"Marcus Brady",2,1,"IND",3.41126760900984
"194",194,"Kris Richard",2,2,"NO, SEA",3.36834010582573
"195",195,"Gary Kubiak",1,1,"MIN",1.6688947051069
"196",196,"Ed Donatell",4,2,"DEN, MIN",6.6554078850428
"197",197,"Scott Turner",5,3,"CAR, LV, WSH",8.26290793513877
"198",198,"Bill Musgrave",2,1,"DEN",3.27709769068093
"199",199,"Shane Bowen",5,2,"NYG, TEN",8.0552049940913
"200",200,"Mike Nolan",1,1,"DAL",1.58453191259545
"201",201,"Harold Goodwin",1,1,"ARI",1.56401811501254
"202",202,"Patrick Graham",7,3,"LV, MIA, NYG",10.9259381543741
"203",203,"Jeff Saturday",1,1,"IND",1.55777428001579
"204",204,"Bill Callahan",1,1,"WSH",1.5508902292418
"205",205,"Darren Rizzi",1,1,"NO",1.54985483477348
"206",206,"Perry Fewell",1,1,"CAR",1.54948376600555
"207",207,"Greg Manusky",3,1,"WSH",4.57711037509111
"208",208,"Bill Lazor",4,2,"CHI, CIN",6.09085419147201
"209",209,"Matt Cavanaugh",2,1,"WSH",3.02622014584931
"210",210,"Dave Ragone",3,1,"ATL",4.44935953492365
"211",211,"Al Golden",1,1,"CIN",1.47889609505129
"212",212,"Ken Zampese",1,1,"CIN",1.46720405064493
"213",213,"Jerod Mayo",1,1,"NE",1.41608783373249
"214",214,"Clyde Christensen",1,1,"MIA",1.41002406302842
"215",215,"Norv Turner",2,1,"CAR",2.79023719799625
"216",216,"Mark Duffner",1,1,"TB",1.39481492516775
"217",217,"Todd Wash",4,1,"JAX",5.56430006119097
"218",218,"Lovie Smith",2,1,"HOU",2.77809363244774
"219",219,"Chris Tabor",1,1,"CAR",1.37054248749833
"220",220,"Mike Smith",2,1,"TB",2.72435596286291
"221",221,"John Pagano",1,1,"LV",1.34122109268249
"222",222,"Mike McCoy",3,3,"ARI, DEN, TEN",3.87816542256927
"223",223,"Nick Sorensen",1,1,"SF",1.29241502271157
"224",224,"Ryan Nielsen",3,3,"ATL, JAX, NO",3.83511476861766
"225",225,"Chad O'Shea",1,1,"MIA",1.26767234712284
"226",226,"Drew Petzing",3,1,"ARI",3.78591082690309
"227",227,"Nick Rallis",3,1,"ARI",3.78591082690309
"228",228,"Tommy Rees",1,1,"CLE",1.25094430567078
"229",229,"James Bettcher",3,2,"ARI, NYG",3.47498114047973
"230",230,"Joe Cullen",1,1,"JAX",1.1383909670497
"231",231,"Urban Meyer",1,1,"JAX",1.1383909670497
"232",232,"Dennard Wilson",2,1,"TEN",2.23326351594145
"233",233,"Nick Holz",2,1,"TEN",2.23326351594145
"234",234,"Dowell Loggains",4,3,"CHI, MIA, NYJ",4.44064179112143
"235",235,"Doug Nussmeier",1,1,"NO",1.0818052253673
"236",236,"Luke Getsy",3,2,"CHI, LV",3.21625423837164
"237",237,"Alan Williams",2,1,"CHI",2.13560363901245
"238",238,"Jeff Nixon",1,1,"CAR",0.976253032150025
"239",239,"Pep Hamilton",1,1,"HOU",0.957067992121172
"240",240,"Jeremy Bates",1,1,"NYJ",0.955062467881394
"241",241,"Paul Pasqualoni",2,1,"DET",1.74918809629673
"242",242,"Mike Sullivan",1,1,"NYG",0.832376777455557
"243",243,"DeMarcus Covington",1,1,"NE",0.708043916866246
"244",244,"Rob Chudzinski",1,1,"IND",0.687968277422689
"245",245,"Ted Monachino",1,1,"IND",0.687968277422689
"246",246,"Chip Kelly",1,1,"LV",0.486976218167788
"247",247,"Frank Bush",1,1,"NYJ",0.405113545517881
"248",248,"Tanner Engstrand",1,1,"NYJ",0.395427688166426
